"placekey","parent_placekey","safegraph_brand_ids","location_name","brands","store_id","top_category","sub_category","naics_code","latitude","longitude","street_address","city","region","postal_code","open_hours","category_tags","opened_on","closed_on","tracking_closed_on","geometry_type","polygon_wkt","polygon_class","enclosed","phone_number","is_synthetic","includes_parking_lot","iso_country_code","wkt_area_sq_meters","domains","website"
"222-222@33p-2db-s89","","","Tangwick Haa","","","Museums, Historical Sites, and Similar Institutions","","7121","60.489199","-1.62732","Eshaness Lighthouse","Shetland","Shetland","","","","","","","POLYGON","POLYGON ((-1.62734824395454 60.4890810244413, -1.62752074999592 60.4891290016563, -1.62728203114604 60.4893168825355, -1.62712552628917 60.4892699373259, -1.62734824395454 60.4890810244413))","OWNED_POLYGON","false","441806503389","false","false","GB","257","[]",""
"222-222@33p-2dq-789","","SG_BRAND_0ed4abb204103c36","Post Office UK","Post Office UK","16401","Postal Service","Postal Service","491110","60.507777","-1.566613","Uradell","Shetland","Shetland","","{ ""Mon"": [[""9:00"", ""11:00""]], ""Tue"": [], ""Wed"": [], ""Thu"": [[""11:30"", ""13:30""]], ""Fri"": [], ""Sat"": [[""9:00"", ""11:00""]], ""Sun"": [] }","","","","","POLYGON","POLYGON ((-1.56671286182424 60.5077562719018, -1.56670602464677 60.5078320277414, -1.56642425040309 60.5078258160771, -1.56643108823677 60.5077500602526, -1.56671286182424 60.5077562719018))","SHARED_POLYGON","false","","false","false","GB","131","[""postoffice.co.uk""]","https://www.postoffice.co.uk/branch-finder/1518496/eshaness"
"222-222@33p-48k-ghq","","","CU Marketing","","","Advertising, Public Relations, and Related Services","","5418","60.00502","-1.325196","The Cottage","Shetland","Shetland","","","Marketing,Web Design","","","","POLYGON","POLYGON ((-1.32530237950355 60.0050596861512, -1.32518958274553 60.005086586892, -1.32508899270618 60.0049807460054, -1.32520160806388 60.0049539342177, -1.32530237950355 60.0050596861512))","OWNED_POLYGON","false","441950422433","false","false","GB","91","[""cumarketing.co.uk""]",""
"222-222@33p-4zr-26k","","","Tagon Stores","","","Grocery Stores","","4451","60.356554","-1.26544","Tagon","Shetland","Shetland","","","","","","","POLYGON","POLYGON ((-1.26557392488363 60.3565336831328, -1.26548480870706 60.3566038552412, -1.26528809536472 60.3565424314535, -1.26537739099187 60.3564723502544, -1.26557392488363 60.3565336831328))","SHARED_POLYGON","false","441806588286","false","false","GB","118","[]",""
"222-222@33p-55d-5zz","","SG_BRAND_0ed4abb204103c36","Post Office UK","Post Office UK","17023","Postal Service","Postal Service","491110","60.502989","-1.059428","Westerleigh","Shetland","Shetland","","{ ""Mon"": [[""9:00"", ""13:00""]], ""Tue"": [[""9:00"", ""13:00""]], ""Wed"": [[""9:00"", ""13:00""]], ""Thu"": [[""9:00"", ""13:00""]], ""Fri"": [[""9:00"", ""13:00""]], ""Sat"": [], ""Sun"": [] }","","","","","POLYGON","POLYGON ((-1.05935080264121 60.5029609114798, -1.05944567080812 60.5029415568663, -1.05952433650322 60.5030353124162, -1.05942946810819 60.5030546670849, -1.05935080264121 60.5029609114798))","SHARED_POLYGON","false","","false","false","GB","64","[""postoffice.co.uk""]","https://www.postoffice.co.uk/branch-finder/148849X/burravoe"
"222-222@33p-5cy-w49","","","John Irvine","","","Automotive Repair and Maintenance","","8111","60.361756","-0.993133","Houll","Shetland","Shetland","","","Body Shops","","","","POLYGON","POLYGON ((-0.992958829509782 60.3617229667012, -0.993261710368587 60.3616886227595, -0.993307928325093 60.3617888211627, -0.993005046583302 60.3618231652069, -0.992958829509782 60.3617229667012))","OWNED_POLYGON","false","441806566683","false","false","GB","196","[]",""
"222-222@33p-5fs-j9z","zzw-222@33p-5fs-j9z","","Drumquin Guest House","","","Restaurants and Other Eating Places","","7225","60.396466","-1.352765","Brae","Shetland","Shetland","","{ ""Mon"": [[""10:30"", ""18:00""]], ""Tue"": [[""10:30"", ""18:00""]], ""Wed"": [[""10:30"", ""18:00""]], ""Thu"": [[""10:30"", ""18:00""]], ""Fri"": [[""10:30"", ""18:00""]], ""Sat"": [[""10:30"", ""18:00""]], ""Sun"": [[""10:30"", ""18:00""]] }","Cafe,Coffee Shop","","","","POLYGON","POLYGON ((-1.35306437276946 60.3965016297355, -1.35300657922758 60.3965335827914, -1.35256854704247 60.3965969996903, -1.35242134514189 60.3965623445797, -1.35236627209011 60.396475521717, -1.35244321520813 60.3964021801908, -1.3528791852768 60.3963328277186, -1.35297924039776 60.3963658167606, -1.35306437276946 60.3965016297355))","SHARED_POLYGON","true","441806522621","false","false","GB","771","[""drumquinguesthouse.co.uk""]",""
"222-222@33p-5fs-kcq","","","Brae Baptist Church","","12124","Religious Organizations","Religious Organizations","813110","60.213452","-1.384549","Carsaig","Shetland","Shetland","","","","","","","POLYGON","POLYGON ((-1.3847102648716914 60.2134859530123, -1.3844313151341425 60.2135232613156, -1.3843883997899042 60.21341799849369, -1.3846646673184382 60.21338601984797, -1.3847102648716914 60.2134859530123))","OWNED_POLYGON","false","","false","false","GB","185","[]",""
"222-222@33p-5fs-mhq","","","Delting Boat Club","","","Other Amusement and Recreation Industries","","7139","60.395366","-1.35681","Beachview","Shetland","Shetland","","","","","","","POLYGON","POLYGON ((-1.35672523704714 60.3954291569517, -1.35666327994468 60.3953872861697, -1.35689538511288 60.3953031087101, -1.35695752379053 60.3953449802607, -1.35672523704714 60.3954291569517))","OWNED_POLYGON","false","441806522524","false","false","GB","92","[]",""
"222-222@33p-5mp-psq","","","The Booth Vegetarian Cafe","","","Restaurants and Other Eating Places","","7225","60.484783","-1.471627","Gateside","Shetland","Shetland","","","Coffee Shop","","","","POLYGON","POLYGON ((-1.47162101218244 60.4847067989737, -1.47177987960191 60.4847724323108, -1.47163254337476 60.4848593001175, -1.47147349389126 60.4847936658853, -1.47162101218244 60.4847067989737))","OWNED_POLYGON","false","441806503348","false","false","GB","144","[]",""
"222-222@33p-5pn-kfz","","","Robertson & Read","","","Building Finishing Contractors","","2383","60.267977","-1.187629","Catfirth","Shetland","Shetland","","","Contractors","","","","POLYGON","POLYGON ((-1.18779601156538 60.2679564720109, -1.18766691550148 60.2680237442264, -1.18740523488184 60.2678978733409, -1.18770448499073 60.2677475975529, -1.18781662856322 60.2678027862442, -1.18764879503085 60.2678869716833, -1.18779601156538 60.2679564720109))","SHARED_POLYGON","false","441595890374","false","false","GB","322","[]",""
"222-222@33p-5q8-yvz","","","Tingwall Garage","","","Other Personal Services","","8129","60.187361","-1.243588","Veensgarth Garage & Vehicle Workshop","Shetland","Shetland","","","","","","","POLYGON","POLYGON ((-1.24340735642517 60.1874753942367, -1.24349230900307 60.1872232956716, -1.24376872662878 60.1872464218661, -1.2436837761076 60.1874985206113, -1.24340735642517 60.1874753942367))","OWNED_POLYGON","false","441595840840","false","false","GB","443","[]",""
"222-222@33p-5r5-p9z","","","The Alternative Vet Practice","","","Other Professional, Scientific, and Technical Services","","5419","60.270142","-1.381657","Tumblin South Lea","Shetland","Shetland","","{ ""Mon"": [[""0:00"", ""24:00""]], ""Tue"": [[""0:00"", ""24:00""]], ""Wed"": [[""0:00"", ""24:00""]], ""Thu"": [[""0:00"", ""24:00""]], ""Fri"": [[""0:00"", ""24:00""]], ""Sat"": [[""0:00"", ""24:00""]], ""Sun"": [[""0:00"", ""24:00""]] }","","","","","POLYGON","POLYGON ((-1.38166643817685 60.2699923315759, -1.38184065052837 60.2700231316473, -1.38172358341284 60.2701826806726, -1.38155244295746 60.270151894748, -1.38166643817685 60.2699923315759))","OWNED_POLYGON","false","441595810837","false","false","GB","192","[""alternative-vet-practice.co.uk""]",""
"222-222@33p-5rs-y5f","","","Homefront","","","Furniture Stores","","4421","60.213014","-1.2968","Fleur De Lys","Shetland","Shetland","","","Furniture","","","","POLYGON","POLYGON ((-1.29699084959 60.2129913298978, -1.29695204529198 60.2130760661364, -1.29660984938621 60.2130371694483, -1.29664865451958 60.2129524333106, -1.29699084959 60.2129913298978))","OWNED_POLYGON","false","441595830744","false","false","GB","188","[]",""
"222-222@33p-qqn-575","","","Casey Builders","","","Building Finishing Contractors","","2383","59.916121","-1.318844","Harpslea","Shetland","Shetland","","","Contractors","","","","POLYGON","POLYGON ((-1.31869750087082 59.9160609190406, -1.31885665318937 59.9160263619712, -1.31899045759357 59.9161816785406, -1.31883130466836 59.9162162357697, -1.31869750087082 59.9160609190406))","OWNED_POLYGON","false","441950460708","false","false","GB","183","[]",""
"222-222@33p-s33-xh5","","","S T M Shetland","","","Automotive Repair and Maintenance","","8111","60.067396","-1.215153","Ocraquoy","Shetland","Shetland","","","Auto Repair","","","","POLYGON","POLYGON ((-1.2149463307276 60.067464964723, -1.21491366810942 60.0674257108436, -1.21535610008122 60.0673294729275, -1.21538883345961 60.067365763938, -1.2149463307276 60.067464964723))","OWNED_POLYGON","false","441950477265","false","false","GB","124","[]",""
"222-222@33p-s3j-j35","","","Voortrekker Shetland","","","Traveler Accommodation","","7211","59.981041","-1.272718","Northpunds","Shetland","Shetland","","{ ""Mon"": [[""9:00"", ""21:00""]], ""Tue"": [[""9:00"", ""21:00""]], ""Wed"": [[""9:00"", ""21:00""]], ""Thu"": [[""9:00"", ""21:00""]], ""Fri"": [[""9:00"", ""21:00""]], ""Sat"": [[""9:00"", ""21:00""]], ""Sun"": [[""9:00"", ""21:00""]] }","","","","","POLYGON","POLYGON ((-1.27274057042409 59.9809003377526, -1.27281403796211 59.9809083747232, -1.27272914421717 59.9811027599538, -1.27265567626975 59.9810947229355, -1.27274057042409 59.9809003377526))","OWNED_POLYGON","false","447766490633","false","false","GB","93","[]",""
"222-222@33p-s5v-835","","","Sarmile Take Away Food Shops","","","Restaurants and Other Eating Places","","7225","60.157121","-1.151923","2 North Road","Shetland","Shetland","","","","","","","POLYGON","POLYGON ((-1.15203508915 60.1571525084, -1.15182281233 60.1571616147, -1.15181038481 60.1570898778, -1.15202266163 60.1570807714, -1.15203508915 60.1571525084))","OWNED_POLYGON","false","441595693369","false","false","GB","95","[]",""
"222-222@33p-s5v-b6k","","SG_BRAND_144e2cc6d545058d","Cashzone ATM","Cashzone ATM","","Depository Credit Intermediation","Commercial Banking","522110","60.158355","-1.155651","26 North Road","Shetland","Shetland","","","ATMs","","","","POINT","","","","","","","GB","","[""cashzone.co.uk""]",""
"222-222@33p-s5v-n3q","","","Dennis Coutts","","","Other Professional, Scientific, and Technical Services","","5419","60.154342","-1.143943","165 Commercial Street","Shetland","Shetland","","","","","","","POLYGON","POLYGON ((-1.14407882804 60.1543597227, -1.1438598672 60.1543778842, -1.14384008197 60.1543188056, -1.14405904281 60.1543006441, -1.14407882804 60.1543597227))","SHARED_POLYGON","false","441595693765","false","false","GB","82","[]",""
"222-222@33p-s5v-q4v","","","Lerwick Hotel","","","Traveler Accommodation","Hotels (except Casino Hotels) and Motels","721110","60.150434","-1.152306","15 South Road","Shetland","Shetland","","","","","","","POLYGON","POLYGON ((-1.153326573531 60.1504355544901, -1.15335620097757 60.1504530737822, -1.1533611359703 60.1505483755304, -1.15355467519468 60.1505583216594, -1.15354518974709 60.1506050431556, -1.15365454996984 60.1506106801774, -1.15365107346113 60.1506268206901, -1.15368154330671 60.1506185747383, -1.15361643705661 60.1505588956863, -1.15378583302059 60.1505131055141, -1.15396953084319 60.1506818317509, -1.15376186332617 60.1507380631453, -1.15366438585312 60.1506484559867, -1.15364552398913 60.1506535435213, -1.15363277679244 60.1507150600136, -1.15307643483718 60.1506866333638, -1.15313712120464 60.1503927699518, -1.15267701037899 60.1503694461134, -1.15253046761633 60.1503739864956, -1.15250964446618 60.1504833108482, -1.15235026282343 60.1504758264813, -1.15221576288169 60.1505302785843, -1.1520793750572 60.1504481435143, -1.15210230767076 60.1504248542921, -1.15211730880569 60.1503528465861, -1.15207126250226 60.1503504867564, -1.15205107762404 60.1504489501896, -1.15194585767166 60.1504434281266, -1.1519793864036 60.1502813869416, -1.15218461467963 60.1502919486317, -1.15219490775488 60.1502419100529, -1.15236271604699 60.1501738429075, -1.15256454775925 60.1501833945663, -1.15269841234038 60.1502656028009, -1.15274546054826 60.1502640179318, -1.15317912421284 60.1502861848336, -1.15315855945474 60.1503855439235, -1.15332852843296 60.1503945316421, -1.15339831576548 60.1503000664036, -1.15335128280559 60.1502379884633, -1.15349842006362 60.1502102844154, -1.15359735806536 60.1503411159587, -1.15348062305561 60.1503631777741, -1.15342749253999 60.1502930693508, -1.153326573531 60.1504355544901))","OWNED_POLYGON","false","441595692166","false","false","GB","2432","[]",""
"222-222@33p-s5v-rtv","","","WJ Fishing","","","Automobile Dealers","New Car Dealers","441110","60.160514","-1.174127","19 Unicorn View","Shetland","Shetland","","","","","","","POLYGON","POLYGON ((-1.17403838124548 60.1604916510377, -1.17418102361648 60.1604718874688, -1.17422533186984 60.1605513604614, -1.17408268918029 60.1605711240771, -1.17403838124548 60.1604916510377))","OWNED_POLYGON","false","441595690381","false","false","GB","76","[]",""
"222-222@33p-s5w-5s5","","","White & Jamieson Shetland","","","Building Finishing Contractors","","2383","60.149124","-1.168978","15A Westerloch Drive","Shetland","Shetland","","","Contractors","","","","POLYGON","POLYGON ((-1.16886575189676 60.1491576618421, -1.16889433540325 60.1490740645091, -1.16909112234132 60.1490907427798, -1.16906253931916 60.1491743401561, -1.16886575189676 60.1491576618421))","OWNED_POLYGON","false","441595694750","false","false","GB","105","[]",""
"222-222@33p-s65-dsq","","","A Harper","","","Lawn and Garden Equipment and Supplies Stores","","4442","60.131393","-1.193352","Trebister","Shetland","Shetland","","","Gardening","","","","POLYGON","POLYGON ((-1.19320069157517 60.1311739859423, -1.19366023738152 60.1315637900573, -1.19349821723323 60.1316086878941, -1.19304543699616 60.1312219773743, -1.19320069157517 60.1311739859423))","OWNED_POLYGON","false","441595695488","false","false","GB","513","[]",""
"222-222@33p-s6g-nh5","","","Leask Motor Garage Lerwick","","","Automobile Dealers","New Car Dealers","441110","60.171063","-1.161803","1 Gremista Industrial Estate","Shetland","Shetland","","","","","","","POLYGON","POLYGON ((-1.1614405293488055 60.1710798, -1.1614581622495515 60.171024329874854, -1.1615093349206091 60.170974289552035, -1.161589038224394 60.170934577326996, -1.1616894702462064 60.17090908050902, -1.1618008 60.17090029490429, -1.1619121297537935 60.17090908050902, -1.1620125617756059 60.170934577326996, -1.1620922650793908 60.170974289552035, -1.1621434377504485 60.171024329874854, -1.1621610706511944 60.1710798, -1.1621434377504485 60.17113527012515, -1.1620922650793908 60.17118531044797, -1.1620125617756059 60.171225022673006, -1.1619121297537935 60.17125051949098, -1.1618008 60.17125930509571, -1.1616894702462064 60.17125051949098, -1.161589038224394 60.171225022673006, -1.1615093349206091 60.17118531044797, -1.1614581622495515 60.17113527012515, -1.1614405293488055 60.1710798))","OWNED_POLYGON","false","441595693411","true","","GB","1236","[]",""
"222-222@33p-s6k-9pv","","","G & W Robertson","","","Restaurants and Other Eating Places","","7225","60.155094","-1.143684","2 Commercial Road","Shetland","Shetland","","","Fish & Chips","","","","POLYGON","POLYGON ((-1.14364452775925 60.1550248911294, -1.1437501234325 60.1550303323584, -1.14372269916446 60.1551636772481, -1.1436169229666 60.1551582348328, -1.14364452775925 60.1550248911294))","OWNED_POLYGON","false","441595693125","false","false","GB","88","[]",""
"222-222@39p-8k2-mtv","","SG_BRAND_27ee73cd1fb6f5e432852fea401eacce","United States Postal Service (USPS)","United States Postal Service (USPS)","1368654","Postal Service","Postal Service","491110","64.324539","-158.723702","100 6th Ave","Kaltag","AK","99748","{ ""Mon"": [[""9:00"", ""12:00""], [""13:00"", ""16:00""]], ""Tue"": [[""9:00"", ""12:00""], [""13:00"", ""16:00""]], ""Wed"": [[""9:00"", ""12:00""], [""13:00"", ""16:00""]], ""Thu"": [[""9:00"", ""12:00""], [""13:00"", ""16:00""]], ""Fri"": [[""9:00"", ""12:00""], [""13:00"", ""16:00""]], ""Sat"": [], ""Sun"": [] }","","","","","POLYGON","POLYGON ((-158.72392252742645 64.3247593513888, -158.72345716416237 64.32476283774795, -158.72345716416237 64.32472100140915, -158.72332975923416 64.32472216353052, -158.72332573592064 64.32458445180555, -158.72326002179977 64.32458503286912, -158.72325599848625 64.32448450868793, -158.72344911753532 64.3244856708193, -158.72344532749543 64.32440247723187, -158.7239469005812 64.32440015296207, -158.72394824168572 64.32449602892795, -158.7241453840483 64.32449370466607, -158.72414806625733 64.3245826075437, -158.72407430550942 64.3245820264801, -158.72408369324097 64.32470823130514, -158.72392141959557 64.32470706918318, -158.72392252742645 64.3247593513888))","OWNED_POLYGON","false","19075342210","false","false","US","1334","[""usps.com""]","https://tools.usps.com/find-location.htm?location=1368654"
"222-222@39p-dhr-rtv","","SG_BRAND_27ee73cd1fb6f5e432852fea401eacce","United States Postal Service (USPS)","United States Postal Service (USPS)","1375666","Postal Service","Postal Service","491110","64.733113","-158.113839","250 Nikaghun St","Nulato","AK","99765","{ ""Mon"": [[""9:00"", ""16:00""]], ""Tue"": [[""9:00"", ""16:00""]], ""Wed"": [[""9:00"", ""16:00""]], ""Thu"": [[""9:00"", ""16:00""]], ""Fri"": [[""9:00"", ""16:00""]], ""Sat"": [], ""Sun"": [] }","","","","","POLYGON","POLYGON ((-158.11340245244472 64.7331023, -158.11342299635234 64.73304686679343, -158.11348261709443 64.73299685977535, -158.1135754785773 64.7329571739811, -158.11369249087207 64.73293169413274, -158.1138222 64.73292291437535, -158.1139519091279 64.73293169413274, -158.11406892142267 64.7329571739811, -158.11416178290554 64.73299685977535, -158.11422140364763 64.73304686679343, -158.11424194755526 64.7331023, -158.11422140364763 64.73315773320657, -158.11416178290554 64.73320774022464, -158.11406892142267 64.73324742601889, -158.1139519091279 64.73327290586725, -158.1138222 64.73328168562465, -158.11369249087207 64.73327290586725, -158.1135754785773 64.73324742601889, -158.11348261709443 64.73320774022464, -158.11342299635234 64.73315773320657, -158.11340245244472 64.7331023))","OWNED_POLYGON","false","19078982244","true","","US","1236","[""usps.com""]","https://tools.usps.com/find-location.htm?location=1375666"
"222-222@39p-t6m-qvf","","SG_BRAND_27ee73cd1fb6f5e432852fea401eacce","United States Postal Service (USPS)","United States Postal Service (USPS)","1385343","Postal Service","Postal Service","491110","63.874651","-160.789662","100 Main St","Unalakleet","AK","99684","","","","","","POLYGON","POLYGON ((-160.78970938438465 63.8745414185161, -160.78988506907513 63.87477349957378, -160.789414341393 63.87484318257062, -160.78923865670254 63.87461169262647, -160.78970938438465 63.8745414185161))","OWNED_POLYGON","false","19076243111","false","false","US","665","[""usps.com""]","https://tools.usps.com/find-location.htm?location=1385343"
"222-222@39p-ypm-4gk","","SG_BRAND_27ee73cd1fb6f5e432852fea401eacce","United States Postal Service (USPS)","United States Postal Service (USPS)","1381305","Postal Service","Postal Service","491110","64.551699","-160.767965","123 Main St","Shaktoolik","AK","99771","","","","","","POLYGON","POLYGON ((-160.76756204382488 64.551695, -160.76758245111265 64.55163956540659, -160.76764167536842 64.55158955713743, -160.76773391930942 64.55154987035031, -160.76785015345598 64.5515243898645, -160.767979 64.55151560988745, -160.768107846544 64.5515243898645, -160.76822408069057 64.55154987035031, -160.76831632463157 64.55158955713743, -160.76837554888735 64.55163956540659, -160.7683959561751 64.551695, -160.76837554888735 64.5517504345934, -160.76831632463157 64.55180044286256, -160.76822408069057 64.55184012964968, -160.768107846544 64.5518656101355, -160.767979 64.55187439011254, -160.76785015345598 64.5518656101355, -160.76773391930942 64.55184012964968, -160.76764167536842 64.55180044286256, -160.76758245111265 64.5517504345934, -160.76756204382488 64.551695))","OWNED_POLYGON","false","19079553691","true","","US","1236","[""usps.com""]","https://tools.usps.com/find-location.htm?location=1381305"
"222-222@39q-qfr-tsq","","SG_BRAND_27ee73cd1fb6f5e432852fea401eacce","United States Postal Service (USPS)","United States Postal Service (USPS)","1369291","Postal Service","Postal Service","491110","64.879734","-157.704709","149 Main St","Koyukuk","AK","99754","{ ""Mon"": [[""10:00"", ""17:00""]], ""Tue"": [[""10:00"", ""17:00""]], ""Wed"": [[""10:00"", ""17:00""]], ""Thu"": [[""10:00"", ""17:00""]], ""Fri"": [[""10:00"", ""17:00""]], ""Sat"": [], ""Sun"": [] }","","","","","POLYGON","POLYGON ((-157.70430696567388 64.87972599999999, -157.70432762150404 64.87967056790907, -157.70438756705795 64.87962056189744, -157.70448093444713 64.87958087690191, -157.704598584221 64.87955539756635, -157.704729 64.87954661798565, -157.70485941577897 64.87955539756635, -157.70497706555284 64.87958087690191, -157.70507043294202 64.87962056189744, -157.70513037849594 64.87967056790907, -157.7051510343261 64.87972599999999, -157.70513037849594 64.87978143209091, -157.70507043294202 64.87983143810254, -157.70497706555284 64.87987112309807, -157.70485941577897 64.87989660243363, -157.704729 64.87990538201433, -157.704598584221 64.87989660243363, -157.70448093444713 64.87987112309807, -157.70438756705795 64.87983143810254, -157.70432762150404 64.87978143209091, -157.70430696567388 64.87972599999999))","OWNED_POLYGON","false","19079272238","true","","US","1236","[""usps.com""]","https://tools.usps.com/find-location.htm?location=1369291"
"222-222@39q-rvr-dvz","","SG_BRAND_27ee73cd1fb6f5e432852fea401eacce","United States Postal Service (USPS)","United States Postal Service (USPS)","1364329","Postal Service","Postal Service","491110","64.733416","-156.936709","511 Galena Rd","Galena","AK","99741","{ ""Mon"": [[""9:00"", ""12:00""], [""13:00"", ""17:00""]], ""Tue"": [[""9:00"", ""12:00""], [""13:00"", ""17:00""]], ""Wed"": [[""9:00"", ""12:00""], [""13:00"", ""17:00""]], ""Thu"": [[""9:00"", ""12:00""], [""13:00"", ""17:00""]], ""Fri"": [[""9:00"", ""12:00""], [""13:00"", ""17:00""]], ""Sat"": [], ""Sun"": [] }","","","","","POLYGON","POLYGON ((-156.937018280449 64.7333176965279, -156.937016730875 64.7334565917688, -156.936642611588 64.7334558313627, -156.936643500508 64.7333761534442, -156.936583648266 64.7333758019944, -156.936585602935 64.7333151558587, -156.937018280449 64.7333176965279))","OWNED_POLYGON","false","19076561262","false","false","US","297","[""usps.com""]","https://tools.usps.com/find-location.htm?location=1364329"
"222-222@39q-x7w-5vf","","SG_BRAND_27ee73cd1fb6f5e432852fea401eacce","United States Postal Service (USPS)","United States Postal Service (USPS)","1369290","Postal Service","Postal Service","491110","64.930295","-161.164202","200 Birch St","Koyuk","AK","99753","{ ""Mon"": [[""10:00"", ""12:30""], [""13:30"", ""17:00""]], ""Tue"": [[""10:00"", ""12:30""], [""13:30"", ""17:00""]], ""Wed"": [[""10:00"", ""12:30""], [""13:30"", ""17:00""]], ""Thu"": [[""10:00"", ""12:30""], [""13:30"", ""17:00""]], ""Fri"": [[""10:00"", ""12:30""], [""13:30"", ""17:00""]], ""Sat"": [], ""Sun"": [] }","","","","","POLYGON","POLYGON ((-161.16413663697486 64.93039583280711, -161.16411130525574 64.93024181595486, -161.16422036384108 64.93022337146215, -161.16434374545577 64.93036316184066, -161.16413663697486 64.93039583280711))","OWNED_POLYGON","false","19079632433","false","false","US","132","[""usps.com""]","https://tools.usps.com/find-location.htm?location=1369290"
"222-222@39s-2kv-f2k","","SG_BRAND_27ee73cd1fb6f5e432852fea401eacce","United States Postal Service (USPS)","United States Postal Service (USPS)","1381827","Postal Service","Postal Service","491110","61.702147","-157.168858","100 Post Office Dr","Sleetmute","AK","99668","{ ""Mon"": [[""10:00"", ""12:00""], [""13:00"", ""17:00""]], ""Tue"": [[""10:00"", ""12:00""], [""13:00"", ""17:00""]], ""Wed"": [[""10:00"", ""12:00""], [""13:00"", ""17:00""]], ""Thu"": [[""10:00"", ""12:00""], [""13:00"", ""17:00""]], ""Fri"": [[""10:00"", ""12:00""], [""13:00"", ""17:00""]], ""Sat"": [[""11:00"", ""14:30""]], ""Sun"": [] }","","","","","POLYGON","POLYGON ((-157.16873109340668 61.702111703873854, -157.16890275478363 61.70207355835147, -157.1689885854721 61.702182908722776, -157.16880083084106 61.70221596806104, -157.16873109340668 61.702111703873854))","OWNED_POLYGON","false","19074494204","false","","US","130","[""usps.com""]","https://tools.usps.com/find-location.htm?location=1381827"
"222-222@39s-32r-m49","","SG_BRAND_27ee73cd1fb6f5e432852fea401eacce","United States Postal Service (USPS)","United States Postal Service (USPS)","1378943","Postal Service","Postal Service","491110","61.782642","-157.337873","40 River Rd","Red Devil","AK","99656","{ ""Mon"": [[""10:00"", ""17:00""]], ""Tue"": [[""10:00"", ""17:00""]], ""Wed"": [[""10:00"", ""17:00""]], ""Thu"": [[""10:00"", ""17:00""]], ""Fri"": [[""10:00"", ""17:00""]], ""Sat"": [[""11:00"", ""14:30""]], ""Sun"": [] }","","","","","POLYGON","POLYGON ((-157.337870924329 61.7827292664719, -157.337767457191 61.7826681267997, -157.337867788961 61.7825615242942, -157.337979094518 61.7826163932308, -157.337870924329 61.7827292664719))","OWNED_POLYGON","false","19074473228","false","false","US","105","[""usps.com""]","https://tools.usps.com/find-location.htm?location=1378943"
"222-222@39s-pzs-wrk","","SG_BRAND_27ee73cd1fb6f5e432852fea401eacce","United States Postal Service (USPS)","United States Postal Service (USPS)","1372339","Postal Service","Postal Service","491110","62.951525","-155.591123","123 Takotna Ave","Mc Grath","AK","99627","{ ""Mon"": [[""8:00"", ""13:00""], [""14:00"", ""16:30""]], ""Tue"": [[""8:00"", ""13:00""], [""14:00"", ""16:30""]], ""Wed"": [[""8:00"", ""13:00""], [""14:00"", ""16:30""]], ""Thu"": [[""8:00"", ""13:00""], [""14:00"", ""16:30""]], ""Fri"": [[""8:00"", ""13:00""], [""14:00"", ""16:30""]], ""Sat"": [], ""Sun"": [] }","","","","","POLYGON","POLYGON ((-155.5909699201584 62.95169097245891, -155.59071242809296 62.95153728834361, -155.59112012386322 62.95141043735452, -155.59125423431396 62.951476302359794, -155.59141516685486 62.9514226345889, -155.5915331840515 62.95151289396535, -155.5909699201584 62.95169097245891))","OWNED_POLYGON","false","19075243333","false","","US","662","[""usps.com""]","https://tools.usps.com/find-location.htm?location=1372339"
"222-222@39v-6hk-yvz","","SG_BRAND_27ee73cd1fb6f5e432852fea401eacce","United States Postal Service (USPS)","United States Postal Service (USPS)","1383479","Postal Service","Postal Service","491110","63.523681","-162.291494","100 Main St","Stebbins","AK","99671","","","","","","POLYGON","POLYGON ((-162.29110141091135 63.5236995, -162.29112108076342 63.523644057413925, -162.29117816489742 63.52359404193447, -162.29126707552064 63.52355434942524, -162.29137910944175 63.52352886526559, -162.2915033 63.52352008402262, -162.29162749055823 63.52352886526559, -162.29173952447934 63.52355434942524, -162.29182843510256 63.52359404193447, -162.29188551923656 63.523644057413925, -162.29190518908862 63.5236995, -162.29188551923656 63.52375494258607, -162.29182843510256 63.523804958065526, -162.29173952447934 63.52384465057476, -162.29162749055823 63.52387013473441, -162.2915033 63.52387891597738, -162.29137910944175 63.52387013473441, -162.29126707552064 63.52384465057476, -162.29117816489742 63.523804958065526, -162.29112108076342 63.52375494258607, -162.29110141091135 63.5236995))","OWNED_POLYGON","false","19079343391","true","","US","1236","[""usps.com""]","https://tools.usps.com/find-location.htm?location=1383479"
"222-222@39v-qv9-y7q","","SG_BRAND_27ee73cd1fb6f5e432852fea401eacce","United States Postal Service (USPS)","United States Postal Service (USPS)","1352544","Postal Service","Postal Service","491110","62.68488","-164.645372","500 Anderson St","Alakanuk","AK","99554","{ ""Mon"": [[""9:30"", ""13:00""], [""14:00"", ""16:30""]], ""Tue"": [[""9:30"", ""13:00""], [""14:00"", ""16:30""]], ""Wed"": [[""9:30"", ""13:00""], [""14:00"", ""16:30""]], ""Thu"": [[""9:30"", ""13:00""], [""14:00"", ""16:30""]], ""Fri"": [[""9:30"", ""13:00""], [""14:00"", ""16:30""]], ""Sat"": [[""11:00"", ""14:30""]], ""Sun"": [] }","","","","","POLYGON","POLYGON ((-164.645527905827 62.6848827943039, -164.645294260974 62.684942105159, -164.645216509425 62.6848776086699, -164.645450154278 62.6848182976855, -164.645527905827 62.6848827943039))","OWNED_POLYGON","false","19072383717","false","false","US","112","[""usps.com""]","https://tools.usps.com/find-location.htm?location=1352544"
"222-222@39v-qw5-5s5","","","Emmonak School","","","Elementary and Secondary Schools","Elementary and Secondary Schools","611110","62.775799","-164.524683","General Delivery","Emmonak","AK","99581","","","","","","POLYGON","POLYGON ((-164.52430582801804 62.775785199999994, -164.52432499780932 62.77572975146009, -164.52438063071037 62.7756797306096, -164.52446728098528 62.775640033837895, -164.52457646670135 62.77561454694156, -164.5246975 62.7756057647556, -164.52481853329866 62.77561454694156, -164.52492771901473 62.775640033837895, -164.52501436928964 62.7756797306096, -164.5250700021907 62.77572975146009, -164.52508917198196 62.775785199999994, -164.5250700021907 62.7758406485399, -164.52501436928964 62.775890669390385, -164.52492771901473 62.77593036616209, -164.52481853329866 62.77595585305843, -164.5246975 62.775964635244385, -164.52457646670135 62.77595585305843, -164.52446728098528 62.77593036616209, -164.52438063071037 62.775890669390385, -164.52432499780932 62.7758406485399, -164.52430582801804 62.775785199999994))","OWNED_POLYGON","false","","true","","US","1236","[]",""
"222-222@39v-qx5-975","","SG_BRAND_27ee73cd1fb6f5e432852fea401eacce","United States Postal Service (USPS)","United States Postal Service (USPS)","1362571","Postal Service","Postal Service","491110","62.776997","-164.525434","9998 Kwiguk St","Emmonak","AK","99581","{ ""Mon"": [[""8:00"", ""12:00""]], ""Tue"": [[""8:00"", ""12:00""]], ""Wed"": [[""8:00"", ""12:00""]], ""Thu"": [[""8:00"", ""12:00""]], ""Fri"": [[""8:00"", ""12:00""]], ""Sat"": [[""10:00"", ""12:00""]], ""Sun"": [] }","","","","","POLYGON","POLYGON ((-164.52502781201403 62.7769913, -164.52504698258858 62.77693585146979, -164.52510261776285 62.776885830628046, -164.52518927157834 62.77684613386327, -164.52529846175585 62.7768206469714, -164.5254195 62.77681186478698, -164.52554053824414 62.7768206469714, -164.52564972842166 62.77684613386327, -164.52573638223714 62.776885830628046, -164.52579201741142 62.77693585146979, -164.52581118798597 62.7769913, -164.52579201741142 62.77704674853021, -164.52573638223714 62.77709676937195, -164.52564972842166 62.777136466136724, -164.52554053824414 62.777161953028596, -164.5254195 62.77717073521302, -164.52529846175585 62.777161953028596, -164.52518927157834 62.777136466136724, -164.52510261776285 62.77709676937195, -164.52504698258858 62.77704674853021, -164.52502781201403 62.7769913))","OWNED_POLYGON","false","19079491929","true","","US","1236","[""usps.com""]","https://tools.usps.com/find-location.htm?location=1362571"
"222-222@39v-xgy-5xq","","SG_BRAND_27ee73cd1fb6f5e432852fea401eacce","United States Postal Service (USPS)","United States Postal Service (USPS)","1375170","Postal Service","Postal Service","491110","64.497107","-165.405534","113 W Front St","Nome","AK","99762","","","","","","POLYGON","POLYGON ((-165.40513737606167 64.497084, -165.40515774261686 64.4970285649877, -165.40521684866212 64.49697855634064, -165.40530890848592 64.49693886925363, -165.4054249106313 64.49691338857527, -165.4055535 64.49690460853186, -165.4056820893687 64.49691338857527, -165.40579809151407 64.49693886925363, -165.40589015133787 64.49697855634064, -165.40594925738313 64.4970285649877, -165.40596962393832 64.497084, -165.40594925738313 64.4971394350123, -165.40589015133787 64.49718944365937, -165.40579809151407 64.49722913074638, -165.4056820893687 64.49725461142474, -165.4055535 64.49726339146814, -165.4054249106313 64.49725461142474, -165.40530890848592 64.49722913074638, -165.40521684866212 64.49718944365937, -165.40515774261686 64.4971394350123, -165.40513737606167 64.497084))","OWNED_POLYGON","false","19074432401","true","","US","1236","[""usps.com""]","https://tools.usps.com/find-location.htm?location=1375170"
"222-222@39w-32d-yvz","","SG_BRAND_b43fa926d19a5168","USPS Collection Point","USPS Collection Point","9977800000","Couriers and Express Delivery Services","Couriers and Express Delivery Services","492110","65.263492","-166.362791","100 Main St","Teller","AK","99778","","Mail Boxes,Couriers,Packing Services,Packing Supplies","","","","POINT","","","","","","","US","","[""usps.com""]","https://tools.usps.com/find-location.htm?location=9977800000"
"222-222@39w-9k6-kzz","zzw-222@39w-9k6-hnq","SG_BRAND_b43fa926d19a5168","USPS Collection Point","USPS Collection Point","9973900000","Couriers and Express Delivery Services","Couriers and Express Delivery Services","492110","64.617358","-162.260543","1 Main St","Elim","AK","99739","","Mail Boxes,Couriers,Packing Services,Packing Supplies","","","","POINT","","","","","","","US","","[""usps.com""]","https://tools.usps.com/find-location.htm?location=9973900000"
"222-222@39w-b7v-fvf","zzw-222@39w-b7v-6p9","SG_BRAND_27ee73cd1fb6f5e432852fea401eacce","United States Postal Service (USPS)","United States Postal Service (USPS)","1387508","Postal Service","Postal Service","491110","64.680732","-163.406454","100 Main St","White Mountain","AK","99784","{ ""Mon"": [[""9:00"", ""16:30""]], ""Tue"": [[""9:00"", ""16:30""]], ""Wed"": [[""9:00"", ""16:30""]], ""Thu"": [[""9:00"", ""16:30""]], ""Fri"": [[""9:00"", ""16:30""]], ""Sat"": [], ""Sun"": [] }","","","","","POLYGON","POLYGON ((-163.40656808137567 64.68081413159828, -163.40638032674462 64.6808152786733, -163.4063776445356 64.68072121835951, -163.40657076358468 64.68072236543846, -163.40656808137567 64.68081413159828))","SHARED_POLYGON","false","19076383541","false","false","US","94","[""usps.com""]","https://tools.usps.com/find-location.htm?location=1387508"
"222-222@39w-xm4-nkf","","SG_BRAND_27ee73cd1fb6f5e432852fea401eacce","United States Postal Service (USPS)","United States Postal Service (USPS)","1380146","Postal Service","Postal Service","491110","61.783921","-161.334823","500 Ayak Loop","Russian Mission","AK","99657","{ ""Mon"": [[""9:30"", ""12:30""], [""13:30"", ""16:30""]], ""Tue"": [[""9:30"", ""12:30""], [""13:30"", ""16:30""]], ""Wed"": [[""9:30"", ""12:30""], [""13:30"", ""16:30""]], ""Thu"": [[""9:30"", ""12:30""], [""13:30"", ""16:30""]], ""Fri"": [[""9:30"", ""12:30""], [""13:30"", ""16:30""]], ""Sat"": [[""14:00"", ""15:30""]], ""Sun"": [] }","","","","","POLYGON","POLYGON ((-161.3344210046088 61.78391, -161.33443955396356 61.783854543391556, -161.33449338628773 61.78380451526234, -161.33457723209835 61.783764812714196, -161.33468288398333 61.78373932210917, -161.3348 61.78373053864528, -161.33491711601667 61.78373932210917, -161.33502276790165 61.783764812714196, -161.33510661371227 61.78380451526234, -161.33516044603644 61.783854543391556, -161.3351789953912 61.78391, -161.33516044603644 61.78396545660844, -161.33510661371227 61.78401548473766, -161.33502276790165 61.7840551872858, -161.33491711601667 61.78408067789083, -161.3348 61.78408946135472, -161.33468288398333 61.78408067789083, -161.33457723209835 61.7840551872858, -161.33449338628773 61.78401548473766, -161.33443955396356 61.78396545660844, -161.3344210046088 61.78391))","OWNED_POLYGON","false","19075845610","true","","US","1236","[""usps.com""]","https://tools.usps.com/find-location.htm?location=1380146"
"222-222@39x-23t-snq","","SG_BRAND_27ee73cd1fb6f5e432852fea401eacce","United States Postal Service (USPS)","United States Postal Service (USPS)","1371965","Postal Service","Postal Service","491110","61.878817","-162.084877","200 Yukon Ave","Marshall","AK","99585","{ ""Mon"": [[""10:00"", ""12:00""], [""13:00"", ""17:00""]], ""Tue"": [[""10:00"", ""12:00""], [""13:00"", ""17:00""]], ""Wed"": [[""10:00"", ""12:00""], [""13:00"", ""17:00""]], ""Thu"": [[""10:00"", ""12:00""], [""13:00"", ""17:00""]], ""Fri"": [[""10:00"", ""12:00""], [""13:00"", ""17:00""]], ""Sat"": [[""12:00"", ""16:00""]], ""Sun"": [] }","","","","","POLYGON","POLYGON ((-162.0844739322993 61.878811, -162.08449253903095 61.878755544171824, -162.08454653786941 61.8787055167465, -162.0846306430321 61.87866581475697, -162.08473662171977 61.87864032451059, -162.0848541 61.878631541170286, -162.08497157828023 61.87864032451059, -162.0850775569679 61.87866581475697, -162.0851616621306 61.8787055167465, -162.08521566096906 61.878755544171824, -162.0852342677007 61.878811, -162.08521566096906 61.878866455828174, -162.0851616621306 61.8789164832535, -162.0850775569679 61.87895618524303, -162.08497157828023 61.878981675489406, -162.0848541 61.87899045882971, -162.08473662171977 61.878981675489406, -162.0846306430321 61.87895618524303, -162.08454653786941 61.8789164832535, -162.08449253903095 61.878866455828174, -162.0844739322993 61.878811))","OWNED_POLYGON","false","19076796613","true","","US","1236","[""usps.com""]","https://tools.usps.com/find-location.htm?location=1371965"
"222-222@39x-fj7-p5f","","SG_BRAND_27ee73cd1fb6f5e432852fea401eacce","United States Postal Service (USPS)","United States Postal Service (USPS)","1368653","Postal Service","Postal Service","491110","61.538513","-160.322285","9998 Kalskag Rd","Kalskag","AK","99607","{ ""Mon"": [[""9:30"", ""12:00""], [""14:00"", ""16:30""]], ""Tue"": [[""9:30"", ""12:00""], [""14:00"", ""16:30""]], ""Wed"": [[""9:30"", ""12:00""], [""14:00"", ""16:30""]], ""Thu"": [[""9:30"", ""12:00""], [""14:00"", ""16:30""]], ""Fri"": [[""9:30"", ""12:00""], [""14:00"", ""16:30""]], ""Sat"": [[""11:30"", ""14:30""]], ""Sun"": [] }","","","","","POLYGON","POLYGON ((-160.32189069764493 61.538535499999995, -160.32190910051008 61.53848004136614, -160.32196250770482 61.53843001140977, -160.32204569136087 61.5383903074116, -160.32215050888234 61.538364815875596, -160.3222667 61.53835603209091, -160.32238289111766 61.538364815875596, -160.32248770863913 61.5383903074116, -160.32257089229518 61.53843001140977, -160.32262429948992 61.53848004136614, -160.32264270235507 61.538535499999995, -160.32262429948992 61.53859095863385, -160.32257089229518 61.53864098859022, -160.32248770863913 61.538680692588386, -160.32238289111766 61.53870618412439, -160.3222667 61.53871496790908, -160.32215050888234 61.53870618412439, -160.32204569136087 61.538680692588386, -160.32196250770482 61.53864098859022, -160.32190910051008 61.53859095863385, -160.32189069764493 61.538535499999995))","OWNED_POLYGON","false","19074712221","true","","US","1236","[""usps.com""]","https://tools.usps.com/find-location.htm?location=1368653"
"222-222@39x-s8g-yy9","","SG_BRAND_27ee73cd1fb6f5e432852fea401eacce","United States Postal Service (USPS)","United States Postal Service (USPS)","1374378","Postal Service","Postal Service","491110","60.69647","-161.981376","50 Maraq Rd","Napakiak","AK","99634","{ ""Mon"": [[""9:30"", ""17:00""]], ""Tue"": [[""9:30"", ""17:00""]], ""Wed"": [[""9:30"", ""17:00""]], ""Thu"": [[""9:30"", ""17:00""]], ""Fri"": [[""9:30"", ""17:00""]], ""Sat"": [[""10:00"", ""15:00""]], ""Sun"": [] }","","","","","POLYGON","POLYGON ((-161.9814355401988 60.696518735170365, -161.981293383121 60.696508889407816, -161.98132154631566 60.69642355933924, -161.9814543156619 60.69643209235626, -161.9814355401988 60.696518735170365))","OWNED_POLYGON","false","19075892912","false","false","US","73","[""usps.com""]","https://tools.usps.com/find-location.htm?location=1374378"
"222-222@39x-sgt-rkz","","SG_BRAND_27ee73cd1fb6f5e432852fea401eacce","United States Postal Service (USPS)","United States Postal Service (USPS)","1352526","Postal Service","Postal Service","491110","60.910066","-161.436036","500 Phillips St","Akiachak","AK","99551","{ ""Mon"": [[""10:00"", ""12:00""]], ""Tue"": [[""10:00"", ""12:00""]], ""Wed"": [[""10:00"", ""12:00""]], ""Thu"": [[""10:00"", ""12:00""]], ""Fri"": [[""10:00"", ""12:00""]], ""Sat"": [[""10:00"", ""12:00""]], ""Sun"": [] }","","","","","POLYGON","POLYGON ((-161.43565992148396 60.9100683, -161.43567796100055 60.91001283612711, -161.43573031371676 60.909962801444536, -161.43581185498397 60.909923093695625, -161.43591460297478 60.909897599751496, -161.4360285 60.90988881513703, -161.4361423970252 60.909897599751496, -161.43624514501602 60.909923093695625, -161.43632668628322 60.909962801444536, -161.43637903899943 60.91001283612711, -161.43639707851602 60.9100683, -161.43637903899943 60.91012376387289, -161.43632668628322 60.91017379855546, -161.43624514501602 60.91021350630437, -161.4361423970252 60.9102390002485, -161.4360285 60.91024778486297, -161.43591460297478 60.9102390002485, -161.43581185498397 60.91021350630437, -161.43573031371676 60.91017379855546, -161.43567796100055 60.91012376387289, -161.43565992148396 60.9100683))","OWNED_POLYGON","false","19078254012","true","","US","1236","[""usps.com""]","https://tools.usps.com/find-location.htm?location=1352526"
"222-222@39x-sn7-y35","","SG_BRAND_27ee73cd1fb6f5e432852fea401eacce","United States Postal Service (USPS)","United States Postal Service (USPS)","1352527","Postal Service","Postal Service","491110","60.910895","-161.223008","250 Off Doops St","Akiak","AK","99552","{ ""Mon"": [[""10:00"", ""12:00""], [""13:00"", ""17:00""]], ""Tue"": [[""10:00"", ""12:00""], [""13:00"", ""17:00""]], ""Wed"": [[""10:00"", ""12:00""], [""13:00"", ""17:00""]], ""Thu"": [[""10:00"", ""12:00""], [""13:00"", ""17:00""]], ""Fri"": [[""10:00"", ""12:00""], [""13:00"", ""17:00""]], ""Sat"": [[""10:30"", ""14:30""]], ""Sun"": [] }","","","","","POLYGON","POLYGON ((-161.2226283120316 60.9108871, -161.22264635201083 60.91083163613398, -161.22269870606962 60.91078160145761, -161.22278024942798 60.91074189371361, -161.22288300005383 60.910716399772646, -161.2229969 60.91070761515927, -161.22311079994617 60.910716399772646, -161.223213550572 60.91074189371361, -161.22329509393037 60.91078160145761, -161.22334744798917 60.91083163613398, -161.2233654879684 60.9108871, -161.22334744798917 60.910942563866016, -161.22329509393037 60.910992598542386, -161.223213550572 60.91103230628638, -161.22311079994617 60.91105780022735, -161.2229969 60.911066584840725, -161.22288300005383 60.91105780022735, -161.22278024942798 60.91103230628638, -161.22269870606962 60.910992598542386, -161.22264635201083 60.910942563866016, -161.2226283120316 60.9108871))","OWNED_POLYGON","false","19077657415","true","","US","1236","[""usps.com""]","https://tools.usps.com/find-location.htm?location=1352527"
"222-222@39x-sr9-w8v","","SG_BRAND_27ee73cd1fb6f5e432852fea401eacce","United States Postal Service (USPS)","United States Postal Service (USPS)","1354814","Postal Service","Postal Service","491110","60.785528","-161.794013","1484 Chief Eddy Hoffman Hwy","Bethel","AK","99559","{ ""Mon"": [[""7:00"", ""19:00""]], ""Tue"": [[""7:00"", ""19:00""]], ""Wed"": [[""7:00"", ""19:00""]], ""Thu"": [[""7:00"", ""19:00""]], ""Fri"": [[""7:00"", ""19:00""]], ""Sat"": [[""7:00"", ""14:00""]], ""Sun"": [] }","","","","","POLYGON","POLYGON ((-161.79465260880312 60.78531896262097, -161.79447290079912 60.78566981061269, -161.79421272652468 60.78563708241775, -161.79410007374605 60.78589890704138, -161.79364678042253 60.78584523316788, -161.7939445056232 60.785237795747356, -161.79465260880312 60.78531896262097))","OWNED_POLYGON","false","19075432525","false","false","US","2321","[""usps.com""]","https://tools.usps.com/find-location.htm?location=1354814"
"222-222@39x-vhm-gx5","","SG_BRAND_27ee73cd1fb6f5e432852fea401eacce","United States Postal Service (USPS)","United States Postal Service (USPS)","1375670","Postal Service","Postal Service","491110","60.896699","-162.459266","9998 Nunapitchuk Rd","Nunapitchuk","AK","99641","{ ""Mon"": [[""9:30"", ""16:30""]], ""Tue"": [[""9:30"", ""16:30""]], ""Wed"": [[""9:30"", ""16:30""]], ""Thu"": [[""9:30"", ""16:30""]], ""Fri"": [[""9:30"", ""16:30""]], ""Sat"": [[""9:00"", ""12:30""]], ""Sun"": [] }","","","","","POLYGON","POLYGON ((-162.459390456935 60.8966963258817, -162.459351264841 60.8967700070199, -162.459141195213 60.8967025966169, -162.459197631829 60.8966320508463, -162.459390456935 60.8966963258817))","OWNED_POLYGON","false","19075275702","false","false","US","107","[""usps.com""]","https://tools.usps.com/find-location.htm?location=1375670"
"222-222@39y-7tg-7wk","","SG_BRAND_27ee73cd1fb6f5e432852fea401eacce","United States Postal Service (USPS)","United States Postal Service (USPS)","1365474","Postal Service","Postal Service","491110","62.906802","-160.067753","1 Postal Way","Grayling","AK","99590","","","","","","POLYGON","POLYGON ((-160.067882419733 62.9067571086692, -160.067878999495 62.9068490135871, -160.067622652594 62.9068470347693, -160.067626072832 62.9067551298453, -160.067882419733 62.9067571086692))","OWNED_POLYGON","false","19074535155","false","false","US","134","[""usps.com""]","https://tools.usps.com/find-location.htm?location=1365474"
"222-222@39y-bvf-td9","","SG_BRAND_27ee73cd1fb6f5e432852fea401eacce","United States Postal Service (USPS)","United States Postal Service (USPS)","1367273","Postal Service","Postal Service","491110","62.197404","-159.771631","100 4th St","Holy Cross","AK","99602","","","","","","POLYGON","POLYGON ((-159.771513408 62.1974600744756, -159.771551996454 62.1973355235427, -159.771748644978 62.1973487782123, -159.771710056524 62.1974733290906, -159.771651611363 62.1974693897368, -159.771642550693 62.1974963117412, -159.771554054505 62.1974898322333, -159.771562945813 62.1974634134513, -159.771513408 62.1974600744756))","OWNED_POLYGON","false","19074767133","false","false","US","159","[""usps.com""]","https://tools.usps.com/find-location.htm?location=1367273"
"222-222@39y-k2g-d9z","","SG_BRAND_27ee73cd1fb6f5e432852fea401eacce","United States Postal Service (USPS)","United States Postal Service (USPS)","1381300","Postal Service","Postal Service","491110","62.655158","-159.528755","500 Main St","Shageluk","AK","99665","","","","","","POLYGON","POLYGON ((-159.52889552149583 62.65521905024029, -159.5286045018177 62.65521597009901, -159.52861388954926 62.65509522830891, -159.5289075914364 62.65509954052415, -159.52889552149583 62.65521905024029))","OWNED_POLYGON","false","19074738240","false","false","US","201","[""usps.com""]","https://tools.usps.com/find-location.htm?location=1381300"
"222-222@39y-k6r-4gk","","SG_BRAND_27ee73cd1fb6f5e432852fea401eacce","United States Postal Service (USPS)","United States Postal Service (USPS)","1353173","Postal Service","Postal Service","491110","62.65332","-160.198982","9998 Main St","Anvik","AK","99558","{ ""Mon"": [[""9:00"", ""13:00""], [""14:00"", ""16:00""]], ""Tue"": [[""9:00"", ""13:00""], [""14:00"", ""16:00""]], ""Wed"": [[""9:00"", ""13:00""], [""14:00"", ""16:00""]], ""Thu"": [[""9:00"", ""13:00""], [""14:00"", ""16:00""]], ""Fri"": [[""9:00"", ""13:00""], [""14:00"", ""16:00""]], ""Sat"": [[""9:00"", ""12:00""], [""13:00"", ""15:30""]], ""Sun"": [] }","","","","","POLYGON","POLYGON ((-160.1986164452276 62.653329, -160.198635535867 62.65327355047446, -160.19869093906038 62.65322352873481, -160.1987772315572 62.65318383125747, -160.1988859664466 62.653158343908096, -160.1990065 62.653149561566025, -160.1991270335534 62.653158343908096, -160.1992357684428 62.65318383125747, -160.1993220609396 62.65322352873481, -160.199377464133 62.65327355047446, -160.1993965547724 62.653329, -160.199377464133 62.65338444952554, -160.1993220609396 62.653434471265186, -160.1992357684428 62.65347416874253, -160.1991270335534 62.6534996560919, -160.1990065 62.653508438433974, -160.1988859664466 62.6534996560919, -160.1987772315572 62.65347416874253, -160.19869093906038 62.653434471265186, -160.198635535867 62.65338444952554, -160.1986164452276 62.653329))","OWNED_POLYGON","false","19076636325","true","","US","1236","[""usps.com""]","https://tools.usps.com/find-location.htm?location=1353173"
"222-222@39y-nsw-7bk","","SG_BRAND_27ee73cd1fb6f5e432852fea401eacce","United States Postal Service (USPS)","United States Postal Service (USPS)","1377504","Postal Service","Postal Service","491110","61.937354","-162.886902","4 Building Airport Rd","Pilot Station","AK","99650","{ ""Mon"": [[""10:00"", ""13:00""]], ""Tue"": [[""10:00"", ""13:00""]], ""Wed"": [[""10:00"", ""13:00""]], ""Thu"": [[""10:00"", ""13:00""]], ""Fri"": [[""10:00"", ""13:00""]], ""Sat"": [[""10:00"", ""14:00""]], ""Sun"": [] }","","","","","POLYGON","POLYGON ((-162.88698949306047 61.93728201341839, -162.88699686913526 61.93742270518513, -162.8868151494745 61.93742396699175, -162.8868077733997 61.937284537043205, -162.88698949306047 61.93728201341839))","OWNED_POLYGON","false","19075493348","false","false","US","149","[""usps.com""]","https://tools.usps.com/find-location.htm?location=1377504"
"222-222@39y-p4c-ndv","","SG_BRAND_27ee73cd1fb6f5e432852fea401eacce","United States Postal Service (USPS)","United States Postal Service (USPS)","1380407","Postal Service","Postal Service","491110","62.048097","-163.192118","101 Alstrom St","Saint Marys","AK","99658","{ ""Mon"": [[""8:00"", ""17:00""]], ""Tue"": [[""8:00"", ""17:00""]], ""Wed"": [[""8:00"", ""17:00""]], ""Thu"": [[""8:00"", ""17:00""]], ""Fri"": [[""8:00"", ""17:00""]], ""Sat"": [[""8:45"", ""13:30""]], ""Sun"": [] }","","","","","POLYGON","POLYGON ((-163.19234894419765 62.04819531809635, -163.1920713355646 62.04824372134811, -163.19188914511955 62.047998947638156, -163.19216138933456 62.047952429854305, -163.19234894419765 62.04819531809635))","OWNED_POLYGON","false","19074382314","false","false","US","442","[""usps.com""]","https://tools.usps.com/find-location.htm?location=1380407"
"222-222@39z-7y7-6x5","","SG_BRAND_27ee73cd1fb6f5e432852fea401eacce","United States Postal Service (USPS)","United States Postal Service (USPS)","1369253","Postal Service","Postal Service","491110","66.908244","-156.884844","9998 Airport Rd","Kobuk","AK","99751","{ ""Mon"": [[""9:00"", ""12:00""], [""13:00"", ""16:00""]], ""Tue"": [[""9:00"", ""12:00""], [""13:00"", ""16:00""]], ""Wed"": [[""9:00"", ""12:00""], [""13:00"", ""16:00""]], ""Thu"": [[""9:00"", ""12:00""], [""13:00"", ""16:00""]], ""Fri"": [[""9:00"", ""12:00""], [""13:00"", ""16:00""]], ""Sat"": [], ""Sun"": [] }","","","","","POLYGON","POLYGON ((-156.88441233384538 66.90824599999999, -156.88443468957223 66.90819058284406, -156.88449956841845 66.90814059030545, -156.88460061959057 66.90810091600218, -156.88472795149576 66.90807544353149, -156.8848691 66.90806666631626, -156.88501024850424 66.90807544353149, -156.88513758040943 66.90810091600218, -156.88523863158156 66.90814059030545, -156.88530351042778 66.90819058284406, -156.88532586615463 66.90824599999999, -156.88530351042778 66.90830141715593, -156.88523863158156 66.90835140969453, -156.88513758040943 66.9083910839978, -156.88501024850424 66.9084165564685, -156.8848691 66.90842533368372, -156.88472795149576 66.9084165564685, -156.88460061959057 66.9083910839978, -156.88449956841845 66.90835140969453, -156.88443468957223 66.90830141715593, -156.88441233384538 66.90824599999999))","OWNED_POLYGON","false","19079482227","true","","US","1236","[""usps.com""]","https://tools.usps.com/find-location.htm?location=1369253"
"222-222@39z-86b-pvz","","SG_BRAND_27ee73cd1fb6f5e432852fea401eacce","United States Postal Service (USPS)","United States Postal Service (USPS)","1381603","Postal Service","Postal Service","491110","66.887311","-157.145047","9998 Shungnak Rd","Shungnak","AK","99773","{ ""Mon"": [[""9:00"", ""11:30""], [""13:00"", ""16:30""]], ""Tue"": [[""9:00"", ""11:30""], [""13:00"", ""16:30""]], ""Wed"": [[""9:00"", ""11:30""], [""13:00"", ""16:30""]], ""Thu"": [[""9:00"", ""11:30""], [""13:00"", ""16:30""]], ""Fri"": [[""9:00"", ""11:30""], [""13:00"", ""16:30""]], ""Sat"": [[""12:00"", ""15:30""]], ""Sun"": [] }","","","","","POLYGON","POLYGON ((-157.145202824951 66.8872992987181, -157.145110589084 66.887367487267, -157.144891697114 66.8873218639497, -157.144983932981 66.8872536752737, -157.145202824951 66.8872992987181))","OWNED_POLYGON","false","19074372158","false","false","US","94","[""usps.com""]","https://tools.usps.com/find-location.htm?location=1381603"
"222-222@39z-jpv-snq","","SG_BRAND_27ee73cd1fb6f5e432852fea401eacce","United States Postal Service (USPS)","United States Postal Service (USPS)","1367584","Postal Service","Postal Service","491110","66.045923","-154.260128","110 Front St","Hughes","AK","99745","{ ""Mon"": [[""10:00"", ""17:00""]], ""Tue"": [[""10:00"", ""17:00""]], ""Wed"": [[""10:00"", ""17:00""]], ""Thu"": [[""10:00"", ""17:00""]], ""Fri"": [[""10:00"", ""17:00""]], ""Sat"": [], ""Sun"": [] }","","","","","POLYGON","POLYGON ((-154.25967204224466 66.0459204, -154.25969363893643 66.04586497661109, -154.25975631497704 66.04581497844964, -154.25985393519895 66.04577529968407, -154.2599769438547 66.04574982434838, -154.2601133 66.04574104614595, -154.2602496561453 66.04574982434838, -154.26037266480105 66.04577529968407, -154.26047028502296 66.04581497844964, -154.26053296106357 66.04586497661109, -154.26055455775534 66.0459204, -154.26053296106357 66.04597582338891, -154.26047028502296 66.04602582155036, -154.26037266480105 66.04606550031593, -154.2602496561453 66.04609097565162, -154.2601133 66.04609975385405, -154.2599769438547 66.04609097565162, -154.25985393519895 66.04606550031593, -154.25975631497704 66.04602582155036, -154.25969363893643 66.04597582338891, -154.25967204224466 66.0459204))","OWNED_POLYGON","false","19078892218","true","","US","1236","[""usps.com""]","https://tools.usps.com/find-location.htm?location=1367584"
"222-222@39z-n4x-y35","","SG_BRAND_27ee73cd1fb6f5e432852fea401eacce","United States Postal Service (USPS)","United States Postal Service (USPS)","1352701","Postal Service","Postal Service","491110","66.533359","-152.657497","21 Allakaket Rd","Allakaket","AK","99720","{ ""Mon"": [[""10:00"", ""13:00""], [""14:00"", ""17:00""]], ""Tue"": [[""10:00"", ""13:00""], [""14:00"", ""17:00""]], ""Wed"": [[""10:00"", ""13:00""], [""14:00"", ""17:00""]], ""Thu"": [[""10:00"", ""13:00""], [""14:00"", ""17:00""]], ""Fri"": [[""10:00"", ""13:00""], [""14:00"", ""17:00""]], ""Sat"": [], ""Sun"": [] }","","","","","POLYGON","POLYGON ((-152.65706082028825 66.5333778, -152.6570828389686 66.53332238015598, -152.65714673966778 66.53327238519243, -152.65724626734013 66.53323270896472, -152.65737167952364 66.53320723525844, -152.6575107 66.53319845761747, -152.65764972047634 66.53320723525844, -152.65777513265985 66.53323270896472, -152.6578746603322 66.53327238519243, -152.6579385610314 66.53332238015598, -152.65796057971173 66.5333778, -152.6579385610314 66.53343321984401, -152.6578746603322 66.53348321480756, -152.65777513265985 66.53352289103528, -152.65764972047634 66.53354836474155, -152.6575107 66.53355714238252, -152.65737167952364 66.53354836474155, -152.65724626734013 66.53352289103528, -152.65714673966778 66.53348321480756, -152.6570828389686 66.53343321984401, -152.65706082028825 66.5333778))","OWNED_POLYGON","false","19079682212","true","","US","1236","[""usps.com""]","https://tools.usps.com/find-location.htm?location=1352701"
"222-222@39z-vxv-kj9","zzw-222@39z-vxv-kj9","SG_BRAND_27ee73cd1fb6f5e432852fea401eacce","United States Postal Service (USPS)","United States Postal Service (USPS)","1352927","Postal Service","Postal Service","491110","67.086537","-157.854772","9998 Ambler Ave","Ambler","AK","99786","{ ""Mon"": [[""9:30"", ""13:00""], [""14:00"", ""16:30""]], ""Tue"": [[""9:30"", ""13:00""], [""14:00"", ""16:30""]], ""Wed"": [[""9:30"", ""13:00""], [""14:00"", ""16:30""]], ""Thu"": [[""9:30"", ""13:00""], [""14:00"", ""16:30""]], ""Fri"": [[""9:30"", ""13:00""], [""14:00"", ""16:30""]], ""Sat"": [], ""Sun"": [] }","","","","","POLYGON","POLYGON ((-157.85499894530915 67.08648188872209, -157.85474949987076 67.08658840654626, -157.85458052070283 67.08654663490636, -157.85479777963303 67.08642549674317, -157.85499894530915 67.08648188872209))","SHARED_POLYGON","false","19074452187","false","false","US","158","[""usps.com""]","https://tools.usps.com/find-location.htm?location=1352927"
"222-222@3b2-4yw-rhq","","SG_BRAND_27ee73cd1fb6f5e432852fea401eacce","United States Postal Service (USPS)","United States Postal Service (USPS)","1367719","Postal Service","Postal Service","491110","65.701395","-156.391235","34 Dakli St","Huslia","AK","99746","{ ""Mon"": [[""10:30"", ""17:30""]], ""Tue"": [[""10:30"", ""17:30""]], ""Wed"": [[""10:30"", ""17:30""]], ""Thu"": [[""10:30"", ""17:30""]], ""Fri"": [[""10:30"", ""17:30""]], ""Sat"": [], ""Sun"": [] }","","","","","POLYGON","POLYGON ((-156.39079412052848 65.7013868, -156.39081542951655 65.70133137407234, -156.39087727060854 65.70128137362065, -156.39097359036748 65.70124169303752, -156.39109496034428 65.7012162165349, -156.39122949999998 65.70120743793036, -156.39136403965568 65.7012162165349, -156.39148540963248 65.70124169303752, -156.39158172939142 65.70128137362065, -156.3916435704834 65.70133137407234, -156.39166487947148 65.7013868, -156.3916435704834 65.70144222592765, -156.39158172939142 65.70149222637934, -156.39148540963248 65.70153190696247, -156.39136403965568 65.70155738346509, -156.39122949999998 65.70156616206962, -156.39109496034428 65.70155738346509, -156.39097359036748 65.70153190696247, -156.39087727060854 65.70149222637934, -156.39081542951655 65.70144222592765, -156.39079412052848 65.7013868))","OWNED_POLYGON","false","19078292206","true","","US","1236","[""usps.com""]","https://tools.usps.com/find-location.htm?location=1367719"
"222-222@3b2-r3w-2x5","","SG_BRAND_b43fa926d19a5168","USPS Collection Point","USPS Collection Point","9972600001","Couriers and Express Delivery Services","Couriers and Express Delivery Services","492110","66.916976","-151.515894","1 Front St","Bettles Field","AK","99726","","Mail Boxes,Couriers,Packing Services,Packing Supplies","","","","POINT","","","","","","","US","","[""usps.com""]","https://tools.usps.com/find-location.htm?location=9972600001"
"222-222@3b3-jz3-p5f","","SG_BRAND_27ee73cd1fb6f5e432852fea401eacce","United States Postal Service (USPS)","United States Postal Service (USPS)","1384274","Postal Service","Postal Service","491110","65.171526","-152.088021","100 Front St","Tanana","AK","99777","{ ""Mon"": [[""9:30"", ""13:00""]], ""Tue"": [[""9:30"", ""13:00""]], ""Wed"": [[""9:30"", ""13:00""]], ""Thu"": [[""9:30"", ""13:00""]], ""Fri"": [[""9:30"", ""13:00""]], ""Sat"": [], ""Sun"": [] }","","","","","POLYGON","POLYGON ((-152.08822915248018 65.17169169151255, -152.08772489718538 65.17168380768427, -152.08775976590258 65.17134817967789, -152.08716163329225 65.17133579064333, -152.08719381980043 65.17101367371197, -152.08833644084078 65.1710429572311, -152.08822915248018 65.17169169151255))","SHARED_POLYGON","false","19073667250","false","false","US","2795","[""usps.com""]","https://tools.usps.com/find-location.htm?location=1384274"
"222-222@3b4-6mw-f2k","","SG_BRAND_27ee73cd1fb6f5e432852fea401eacce","United States Postal Service (USPS)","United States Postal Service (USPS)","1380052","Postal Service","Postal Service","491110","64.738315","-155.490717","9998 Wildberry Rd","Ruby","AK","99768","{ ""Mon"": [[""9:30"", ""13:00""]], ""Tue"": [[""9:30"", ""13:00""]], ""Wed"": [[""9:30"", ""13:00""]], ""Thu"": [[""9:30"", ""13:00""]], ""Fri"": [[""9:30"", ""13:00""]], ""Sat"": [], ""Sun"": [] }","","","","","POLYGON","POLYGON ((-155.49029367154475 64.7383198, -155.4903142194119 64.73826436683322, -155.490373851645 64.73821435985103, -155.49046673102552 64.73817467408526, -155.4905837658726 64.73814919425519, -155.4907135 64.73814041450409, -155.4908432341274 64.73814919425519, -155.49096026897448 64.73817467408526, -155.491053148355 64.73821435985103, -155.49111278058808 64.73826436683322, -155.49113332845525 64.7383198, -155.49111278058808 64.73837523316678, -155.491053148355 64.73842524014897, -155.49096026897448 64.73846492591474, -155.4908432341274 64.73849040574481, -155.4907135 64.73849918549591, -155.4905837658726 64.73849040574481, -155.49046673102552 64.73846492591474, -155.490373851645 64.73842524014897, -155.4903142194119 64.73837523316678, -155.49029367154475 64.7383198))","OWNED_POLYGON","false","19074684414","true","","US","1236","[""usps.com""]","https://tools.usps.com/find-location.htm?location=1380052"
"222-222@3b4-d3t-7yv","","SG_BRAND_27ee73cd1fb6f5e432852fea401eacce","United States Postal Service (USPS)","United States Postal Service (USPS)","1369614","Postal Service","Postal Service","491110","63.884179","-152.31005","123 Airport Way","Lake Minchumina","AK","99757","{ ""Mon"": [[""10:00"", ""12:30""], [""13:00"", ""16:30""]], ""Tue"": [[""10:00"", ""12:30""], [""13:00"", ""16:30""]], ""Wed"": [[""10:00"", ""12:30""], [""13:00"", ""16:30""]], ""Thu"": [[""10:00"", ""12:30""], [""13:00"", ""16:30""]], ""Fri"": [[""10:00"", ""12:30""], [""13:00"", ""16:30""]], ""Sat"": [], ""Sun"": [] }","","","","","POLYGON","POLYGON ((-152.310231364193 63.8841719021082, -152.310029247058 63.884258590091, -152.309869129924 63.8841862539255, -152.310071247059 63.8840995657195, -152.310231364193 63.8841719021082))","OWNED_POLYGON","false","19076743114","false","false","US","156","[""usps.com""]","https://tools.usps.com/find-location.htm?location=1369614"
"222-222@3b4-vhm-hqz","222-223@3b4-vhm-hqz","SG_BRAND_27ee73cd1fb6f5e432852fea401eacce","United States Postal Service (USPS)","United States Postal Service (USPS)","1371664","Postal Service","Postal Service","491110","65.000462","-150.633603","100 Landing Rd","Manley Hot Springs","AK","99756","{ ""Mon"": [[""9:00"", ""11:30""], [""12:30"", ""16:00""]], ""Tue"": [[""9:00"", ""11:30""], [""12:30"", ""16:00""]], ""Wed"": [[""9:00"", ""11:30""], [""12:30"", ""16:00""]], ""Thu"": [[""9:00"", ""11:30""], [""12:30"", ""16:00""]], ""Fri"": [[""9:00"", ""11:30""], [""12:30"", ""16:00""]], ""Sat"": [], ""Sun"": [] }","","","","","POLYGON","POLYGON ((-150.633375942834 65.0003763326781, -150.633389353879 65.0003888017797, -150.633416175969 65.0003842675609, -150.633462263016 65.0004288768604, -150.633662909498 65.0003902258654, -150.633743405465 65.0004613492797, -150.633544922 65.0004976230297, -150.633574426299 65.0005248283422, -150.633247196803 65.0005849067406, -150.63315168229 65.0004935112848, -150.633193408249 65.0004851426889, -150.633163541757 65.0004593940095, -150.633110976732 65.0004679769054, -150.633073942282 65.0004346550588, -150.633375942834 65.0003763326781))","SHARED_POLYGON","true","19076723577","false","false","US","393","[""usps.com""]","https://tools.usps.com/find-location.htm?location=1371664"
"222-222@3b4-yyv-cbk","","SG_BRAND_27ee73cd1fb6f5e432852fea401eacce","United States Postal Service (USPS)","United States Postal Service (USPS)","1373361","Postal Service","Postal Service","491110","65.150185","-149.347983","100 3rd St","Minto","AK","99758","{ ""Mon"": [[""9:00"", ""13:00""], [""14:00"", ""16:00""]], ""Tue"": [[""9:00"", ""13:00""], [""14:00"", ""16:00""]], ""Wed"": [[""9:00"", ""13:00""], [""14:00"", ""16:00""]], ""Thu"": [[""9:00"", ""13:00""], [""14:00"", ""16:00""]], ""Fri"": [[""9:00"", ""13:00""], [""14:00"", ""16:00""]], ""Sat"": [], ""Sun"": [] }","","","","","POLYGON","POLYGON ((-149.348144531 65.1502112820014, -149.348018332396 65.1502708539897, -149.347820804224 65.1501579807486, -149.347930542097 65.1500858672891, -149.348144531 65.1502112820014))","OWNED_POLYGON","false","19077987226","false","false","US","144","[""usps.com""]","https://tools.usps.com/find-location.htm?location=1373361"
"222-222@3b5-rsv-z9f","","","Arctic Chiropractic","","","Offices of Other Health Practitioners","Offices of Chiropractors","621310","66.898666","-162.599205","333 Shore Ave","Kotzebue","AK","99752","{ ""Mon"": [[""9:00"", ""17:00""]], ""Tue"": [[""9:00"", ""17:00""]], ""Wed"": [[""9:00"", ""17:00""]], ""Thu"": [[""9:00"", ""17:00""]], ""Fri"": [[""9:00"", ""17:00""]], ""Sat"": [[""9:00"", ""17:00""]], ""Sun"": [] }","Chiropractors,Massage Therapy","","","","POLYGON","POLYGON ((-162.5987668125076 66.8986766, -162.59878915949008 66.89862118277586, -162.5988540129592 66.89857119017573, -162.59895502460557 66.89853151582363, -162.5990823067054 66.89850604332159, -162.5992234 66.89849726609556, -162.5993644932946 66.89850604332159, -162.59949177539443 66.89853151582363, -162.5995927870408 66.89857119017573, -162.59965764050992 66.89862118277586, -162.5996799874924 66.8986766, -162.59965764050992 66.89873201722415, -162.5995927870408 66.89878200982427, -162.59949177539443 66.89882168417637, -162.5993644932946 66.89884715667841, -162.5992234 66.89885593390444, -162.5990823067054 66.89884715667841, -162.59895502460557 66.89882168417637, -162.5988540129592 66.89878200982427, -162.59878915949008 66.89873201722415, -162.5987668125076 66.8986766))","OWNED_POLYGON","false","19074424435","true","","US","1236","[""kotzchiro.com""]","http://www.kotzchiro.com/"
"222-222@3b5-wsj-5j9","","","Buckland School","","","Elementary and Secondary Schools","Elementary and Secondary Schools","611110","65.977873","-161.124467","9900 University Dr","Buckland","AK","99727","","","","","","POLYGON","POLYGON ((-161.12401581702053 65.9778759, -161.12403735621467 65.97782047611186, -161.12409986539066 65.97777047750006, -161.12419722571488 65.97773079837707, -161.1243199068804 65.9777053228119, -161.1244559 65.9776965445304, -161.12459189311957 65.9777053228119, -161.1247145742851 65.97773079837707, -161.1248119346093 65.97777047750006, -161.1248744437853 65.97782047611186, -161.12489598297944 65.9778759, -161.1248744437853 65.97793132388814, -161.1248119346093 65.97798132249994, -161.1247145742851 65.97802100162293, -161.12459189311957 65.9780464771881, -161.1244559 65.9780552554696, -161.1243199068804 65.9780464771881, -161.12419722571488 65.97802100162293, -161.12409986539066 65.97798132249994, -161.12403735621467 65.97793132388814, -161.12401581702053 65.9778759))","OWNED_POLYGON","false","","true","","US","1236","[]",""
"222-222@3b5-wsj-75z","","SG_BRAND_27ee73cd1fb6f5e432852fea401eacce","United States Postal Service (USPS)","United States Postal Service (USPS)","1356223","Postal Service","Postal Service","491110","65.977096","-161.131746","17 Betty Ave","Buckland","AK","99727","{ ""Mon"": [[""10:00"", ""13:00""]], ""Tue"": [[""10:00"", ""13:00""]], ""Wed"": [[""10:00"", ""13:00""]], ""Thu"": [[""10:00"", ""13:00""]], ""Fri"": [[""10:00"", ""13:00""]], ""Sat"": [], ""Sun"": [] }","","","","","POLYGON","POLYGON ((-161.13231888512348 65.97703507480179, -161.13168588379597 65.97719668062967, -161.13149812916492 65.97706564895579, -161.1321257660744 65.97690513423899, -161.13231888512348 65.97703507480179))","OWNED_POLYGON","false","19074942151","false","false","US","572","[""usps.com""]","https://tools.usps.com/find-location.htm?location=1356223"
"222-222@3b6-d79-8gk","","SG_BRAND_27ee73cd1fb6f5e432852fea401eacce","United States Postal Service (USPS)","United States Postal Service (USPS)","1381562","Postal Service","Postal Service","491110","66.255077","-166.07073","123 Main St","Shishmaref","AK","99772","{ ""Mon"": [[""9:00"", ""13:00""]], ""Tue"": [[""9:00"", ""13:00""]], ""Wed"": [[""9:00"", ""13:00""]], ""Thu"": [[""9:00"", ""13:00""]], ""Fri"": [[""9:00"", ""13:00""]], ""Sat"": [], ""Sun"": [] }","","","","","POLYGON","POLYGON ((-166.07090560816022 66.25516147151063, -166.0706159295866 66.25517767194995, -166.07055155657025 66.25499298632445, -166.0708465995619 66.25497786580397, -166.07090560816022 66.25516147151063))","OWNED_POLYGON","false","19076493931","false","false","US","275","[""usps.com""]","https://tools.usps.com/find-location.htm?location=1381562"
"222-222@3b6-rck-2rk","","SG_BRAND_27ee73cd1fb6f5e432852fea401eacce","United States Postal Service (USPS)","United States Postal Service (USPS)","1375143","Postal Service","Postal Service","491110","67.570681","-162.969062","9998 Noatak Rd","Noatak","AK","99761","{ ""Mon"": [[""9:30"", ""13:00""]], ""Tue"": [[""9:30"", ""13:00""]], ""Wed"": [[""9:30"", ""13:00""]], ""Thu"": [[""9:30"", ""13:00""]], ""Fri"": [[""9:30"", ""13:00""]], ""Sat"": [], ""Sun"": [] }","","","","","POLYGON","POLYGON ((-162.96922772705895 67.57061839887776, -162.96930079475703 67.57070681361807, -162.9689050701685 67.57075442175308, -162.96883200247044 67.57066600719075, -162.96922772705895 67.57061839887776))","OWNED_POLYGON","false","19074852122","false","false","US","183","[""usps.com""]","https://tools.usps.com/find-location.htm?location=1375143"
"222-222@3b7-33y-3qz","","SG_BRAND_27ee73cd1fb6f5e432852fea401eacce","United States Postal Service (USPS)","United States Postal Service (USPS)","1381167","Postal Service","Postal Service","491110","66.598666","-160.009634","78 Selawik Rd","Selawik","AK","99770","{ ""Mon"": [[""9:30"", ""12:00""], [""13:00"", ""16:30""]], ""Tue"": [[""9:30"", ""12:00""], [""13:00"", ""16:30""]], ""Wed"": [[""9:30"", ""12:00""], [""13:00"", ""16:30""]], ""Thu"": [[""9:30"", ""12:00""], [""13:00"", ""16:30""]], ""Fri"": [[""9:30"", ""12:00""], [""13:00"", ""16:30""]], ""Sat"": [], ""Sun"": [] }","","","","","POLYGON","POLYGON ((-160.009781502687 66.5987144571715, -160.009445202409 66.5986788390469, -160.009485969838 66.5986181206185, -160.009822270116 66.5986537388303, -160.009781502687 66.5987144571715))","OWNED_POLYGON","false","19074842141","false","false","US","108","[""usps.com""]","https://tools.usps.com/find-location.htm?location=1381167"
"222-222@3bb-tyf-9cq","","","ChargePoint Network Charging Station","","236565","Gasoline Stations","Other Gasoline Stations","447190","60.128304","-149.433868","2001 Seward Hwy","Seward","AK","99664","{ ""Mon"": [[""0:00"", ""24:00""]], ""Tue"": [[""0:00"", ""24:00""]], ""Wed"": [[""0:00"", ""24:00""]], ""Thu"": [[""0:00"", ""24:00""]], ""Fri"": [[""0:00"", ""24:00""]], ""Sat"": [[""0:00"", ""24:00""]], ""Sun"": [[""0:00"", ""24:00""]] }","Fuel","","","","POINT","","","","","","","US","","[]",""
"222-222@3bb-tyn-6ff","","","Kenai Backcountry Adventures","","","Consumer Goods Rental","Recreational Goods Rental","532284","60.150748","-149.418635","11724 Seward Hwy","Seward","AK","99664","{ ""Mon"": [[""8:00"", ""17:00""]], ""Tue"": [[""8:00"", ""17:00""]], ""Wed"": [[""8:00"", ""17:00""]], ""Thu"": [[""8:00"", ""17:00""]], ""Fri"": [[""8:00"", ""17:00""]], ""Sat"": [[""10:00"", ""14:00""]], ""Sun"": [] }","","","","","POLYGON","POLYGON ((-149.41881928369483 60.1508270399177, -149.41858278938363 60.15087169978762, -149.4184513472665 60.15066920787742, -149.41852899454034 60.15065601291586, -149.41851884456992 60.15063672797203, -149.4186766766102 60.1506103380489, -149.41881928369483 60.1508270399177))","OWNED_POLYGON","false","19073314912","false","false","US","349","[""kenaibackcountryadventures.com""]",""
"222-222@3bb-tyn-6zf","","","SAKTown Talk","","","Executive, Legislative, and Other General Government Support","","9211","60.147152","-149.415534","11447 Seward Hwy","Seward","AK","99664","{ ""Mon"": [], ""Tue"": [[""12:00"", ""18:00""]], ""Wed"": [[""12:00"", ""18:00""]], ""Thu"": [[""12:00"", ""18:00""]], ""Fri"": [[""12:00"", ""18:00""]], ""Sat"": [[""9:00"", ""18:00""]], ""Sun"": [] }","","","","","POLYGON","POLYGON ((-149.4151723911551 60.1471459, -149.41519001124212 60.14709042967073, -149.41524114672634 60.147040389163784, -149.41532079211026 60.14700067679262, -149.4154211511488 60.146975179880826, -149.4155324 60.14696639424377, -149.4156436488512 60.146975179880826, -149.4157440078897 60.14700067679262, -149.41582365327363 60.147040389163784, -149.41587478875786 60.14709042967073, -149.41589240884488 60.1471459, -149.41587478875786 60.14720137032926, -149.41582365327363 60.14725141083621, -149.4157440078897 60.147291123207374, -149.4156436488512 60.14731662011917, -149.4155324 60.14732540575623, -149.4154211511488 60.14731662011917, -149.41532079211026 60.147291123207374, -149.41524114672634 60.14725141083621, -149.41519001124212 60.14720137032926, -149.4151723911551 60.1471459))","OWNED_POLYGON","false","19072243997","true","","US","1236","[""sewardpublic.org""]",""
"222-222@3bb-tyn-8y9","","","Mudd Hutt","","","Restaurants and Other Eating Places","Snack and Nonalcoholic Beverage Bars","722515","60.15106","-149.419323","11748 Seward Hwy","Seward","AK","99664","{ ""Mon"": [[""6:30"", ""17:30""]], ""Tue"": [], ""Wed"": [[""6:30"", ""17:30""]], ""Thu"": [[""6:30"", ""17:30""]], ""Fri"": [[""6:30"", ""17:30""]], ""Sat"": [[""7:30"", ""17:30""]], ""Sun"": [[""7:30"", ""17:30""]] }","Coffee Shop","","","","POLYGON","POLYGON ((-149.41947319589303 60.15108339989669, -149.41920765720056 60.151111434353304, -149.41914596639322 60.15096592191382, -149.41939809404062 60.15093655235251, -149.41947319589303 60.15108339989669))","OWNED_POLYGON","false","19072245282","false","false","US","246","[]",""
"222-222@3bb-tyn-dsq","","","Metco","","","Specialized Freight Trucking","Used Household and Office Goods Moving","484210","60.141265","-149.419475","2701 Seward Hwy","Seward","AK","99664","","Movers","","","","POLYGON","POLYGON ((-149.41909625526807 60.1412786, -149.4191138722172 60.141223129620684, -149.41916499859482 60.14117308906858, -149.41924462979492 60.14113337666158, -149.4193449709608 60.141107879726775, -149.41945619999998 60.141099094081795, -149.41956742903918 60.141107879726775, -149.41966777020505 60.14113337666158, -149.41974740140515 60.14117308906858, -149.41979852778277 60.141223129620684, -149.4198161447319 60.1412786, -149.41979852778277 60.141334070379315, -149.41974740140515 60.14138411093142, -149.41966777020505 60.14142382333842, -149.41956742903918 60.141449320273225, -149.41945619999998 60.141458105918204, -149.4193449709608 60.141449320273225, -149.41924462979492 60.14142382333842, -149.41916499859482 60.14138411093142, -149.4191138722172 60.141334070379315, -149.41909625526807 60.1412786))","OWNED_POLYGON","false","19072243151","true","","US","1236","[]",""
"222-222@3bb-tyx-gzf","","","Alaska Sealife Center","","","Museums, Historical Sites, and Similar Institutions","Zoos and Botanical Gardens","712130","60.100235","-149.440741","301 Railway Ave","Seward","AK","99664","{ ""Mon"": [[""9:00"", ""19:00""]], ""Tue"": [[""9:00"", ""19:00""]], ""Wed"": [[""9:00"", ""19:00""]], ""Thu"": [[""9:00"", ""19:00""]], ""Fri"": [[""9:00"", ""19:00""]], ""Sat"": [[""9:00"", ""19:00""]], ""Sun"": [[""9:00"", ""19:00""]] }","Aquariums,Tours","","","","POLYGON","POLYGON ((-149.44039780309896 60.1002272, -149.4404153981297 60.100171729270315, -149.44046646089762 60.10012168840215, -149.44054599302333 60.10008197574431, -149.44064620934816 60.10005647864846, -149.4407573 60.10004769294799, -149.44086839065184 60.10005647864846, -149.44096860697667 60.10008197574431, -149.44104813910238 60.10012168840215, -149.44109920187032 60.100171729270315, -149.44111679690104 60.1002272, -149.44109920187032 60.10028267072968, -149.44104813910238 60.10033271159785, -149.44096860697667 60.10037242425569, -149.44086839065184 60.10039792135154, -149.4407573 60.10040670705201, -149.44064620934816 60.10039792135154, -149.44054599302333 60.10037242425569, -149.44046646089762 60.10033271159785, -149.4404153981297 60.10028267072968, -149.44039780309896 60.1002272))","OWNED_POLYGON","false","","true","","US","1236","[""alaskasealife.org""]","http://www.alaskasealife.org"
"222-222@3bb-tz4-v9f","","","Kayak Adventures Worldwide","","","Consumer Goods Rental","Recreational Goods Rental","532284","60.104134","-149.441842","328 Third Ave","Seward","AK","99664","{ ""Mon"": [[""8:00"", ""19:00""]], ""Tue"": [[""8:00"", ""19:00""]], ""Wed"": [[""8:00"", ""19:00""]], ""Thu"": [[""8:00"", ""19:00""]], ""Fri"": [[""8:00"", ""19:00""]], ""Sat"": [[""8:00"", ""19:00""]], ""Sun"": [[""8:00"", ""19:00""]] }","Rafting","","","","POLYGON","POLYGON ((-149.44183148685704 60.10409765787675, -149.4419227703188 60.10409705392063, -149.44192453297453 60.104163238180654, -149.44176186862077 60.10416431440993, -149.4417602524495 60.1041036303579, -149.4417153644936 60.10410408234393, -149.44171405564128 60.10407179023296, -149.44183039092002 60.10407061882803, -149.44183148685704 60.10409765787675))","OWNED_POLYGON","false","19072243960","false","false","US","88","[""kayakak.com""]","http://www.kayakak.com"
"222-222@3bb-tz4-xt9","","SG_BRAND_27ee73cd1fb6f5e432852fea401eacce","United States Postal Service (USPS)","United States Postal Service (USPS)","1381260","Postal Service","Postal Service","491110","60.106241","-149.43798","507 Madison Ave","Seward","AK","99664","{ ""Mon"": [[""9:30"", ""16:30""]], ""Tue"": [[""9:30"", ""16:30""]], ""Wed"": [[""9:30"", ""16:30""]], ""Thu"": [[""9:30"", ""16:30""]], ""Fri"": [[""9:30"", ""16:30""]], ""Sat"": [[""10:00"", ""14:00""]], ""Sun"": [] }","","","","","POLYGON","POLYGON ((-149.43824935635422 60.10628051497346, -149.43771291455124 60.10629521969781, -149.4377075501332 60.1059556725698, -149.43823058089112 60.10595166214973, -149.43824935635422 60.10628051497346))","OWNED_POLYGON","false","19072243001","false","false","US","1098","[""usps.com""]","https://tools.usps.com/find-location.htm?location=1381260"
"222-222@3bb-tz5-6zf","","","Alaska Shuttle Service","","","Other Transit and Ground Passenger Transportation","All Other Transit and Ground Passenger Transportation","485999","60.101562","-149.444716","210 Brownell St","Seward","AK","99664","{ ""Mon"": [[""0:00"", ""24:00""]], ""Tue"": [[""0:00"", ""24:00""]], ""Wed"": [[""0:00"", ""24:00""]], ""Thu"": [[""0:00"", ""24:00""]], ""Fri"": [[""0:00"", ""24:00""]], ""Sat"": [[""0:00"", ""24:00""]], ""Sun"": [[""0:00"", ""24:00""]] }","Airport Shuttles","","","","POLYGON","POLYGON ((-149.44434538845456 60.1015715, -149.44436298420203 60.1015160292818, -149.44441404905007 60.101465988423975, -149.44449358441557 60.10142627577436, -149.4445938048228 60.10140077868378, -149.4447049 60.10139199298513, -149.4448159951772 60.10140077868378, -149.44491621558444 60.10142627577436, -149.44499575094994 60.101465988423975, -149.44504681579798 60.1015160292818, -149.44506441154545 60.1015715, -149.44504681579798 60.1016269707182, -149.44499575094994 60.10167701157602, -149.44491621558444 60.10171672422564, -149.4448159951772 60.101742221316215, -149.4447049 60.10175100701487, -149.4445938048228 60.101742221316215, -149.44449358441557 60.10171672422564, -149.44441404905007 60.10167701157602, -149.44436298420203 60.1016269707182, -149.44434538845456 60.1015715))","","false","19079473349","true","","US","1236","[""alaskashuttleservice.com""]",""
"222-222@3bb-tz5-99f","","","Alaska's Point of View Suites","","","Traveler Accommodation","Hotels (except Casino Hotels) and Motels","721110","60.10374","-149.4451","318 First Ave","Seward","AK","99664","{ ""Mon"": [[""8:00"", ""17:00""]], ""Tue"": [[""8:00"", ""17:00""]], ""Wed"": [[""8:00"", ""17:00""]], ""Thu"": [[""8:00"", ""17:00""]], ""Fri"": [[""8:00"", ""17:00""]], ""Sat"": [[""8:00"", ""17:00""]], ""Sun"": [[""8:00"", ""17:00""]] }","Guest Houses","","","","POLYGON","POLYGON ((-149.4447229648918 60.1037342, -149.4447405617925 60.103678729300256, -149.4447916299874 60.1036286884591, -149.4448711705657 60.1035889758227, -149.44497139754148 60.10356347874062, -149.44508249999998 60.103554693044885, -149.4451936024585 60.10356347874062, -149.44529382943426 60.1035889758227, -149.44537337001256 60.1036286884591, -149.44542443820745 60.103678729300256, -149.44544203510816 60.1037342, -149.44542443820745 60.10378967069974, -149.44537337001256 60.1038397115409, -149.44529382943426 60.10387942417729, -149.4451936024585 60.10390492125938, -149.44508249999998 60.10391370695511, -149.44497139754148 60.10390492125938, -149.4448711705657 60.10387942417729, -149.4447916299874 60.1038397115409, -149.4447405617925 60.10378967069974, -149.4447229648918 60.1037342))","OWNED_POLYGON","false","19072242424","true","","US","1236","[""alaskaspointofview.com""]","http://www.alaskaspointofview.com"
"222-222@3bb-v23-rtv","","","Tlc Bodyworks","","","Personal Care Services","Hair, Nail, and Skin Care Services","81211","60.184898","-149.3866","14221 Victor Dr","Seward","AK","99664","","Massage","","","","POLYGON","POLYGON ((-149.38624337819778 60.1848793, -149.38626101849638 60.18482382999248, -149.38631221263685 60.18477378977579, -149.38639194938006 60.18473407763497, -149.38649242353796 60.18470858087107, -149.3866038 60.18469979528497, -149.38671517646202 60.18470858087107, -149.38681565061992 60.18473407763497, -149.38689538736313 60.18477378977579, -149.3869465815036 60.18482382999248, -149.3869642218022 60.1848793, -149.3869465815036 60.184934770007516, -149.38689538736313 60.18498481022421, -149.38681565061992 60.185024522365026, -149.38671517646202 60.18505001912893, -149.3866038 60.18505880471503, -149.38649242353796 60.18505001912893, -149.38639194938006 60.185024522365026, -149.38631221263685 60.18498481022421, -149.38626101849638 60.184934770007516, -149.38624337819778 60.1848793))","OWNED_POLYGON","false","19073622355","true","","US","1236","[]",""
"222-222@3bb-v24-9vf","","","Alaska's Tree House Bed & Breakfast","","","Traveler Accommodation","Hotels (except Casino Hotels) and Motels","721110","60.192293","-149.387885","14593 Rainforest Cir","Seward","AK","99664","","Breakfast","","","","POLYGON","POLYGON ((-149.38752339715091 60.192273, -149.38754104141623 60.1922175300555, -149.38759224706857 60.19216748989565, -149.3876720017419 60.19212777779995, -149.3877724984931 60.19210228106501, -149.3878839 60.1920934954889, -149.3879953015069 60.19210228106501, -149.3880957982581 60.19212777779995, -149.38817555293141 60.19216748989565, -149.38822675858376 60.1922175300555, -149.38824440284907 60.192273, -149.38822675858376 60.1923284699445, -149.38817555293141 60.19237851010435, -149.3880957982581 60.19241822220005, -149.3879953015069 60.19244371893499, -149.3878839 60.1924525045111, -149.3877724984931 60.19244371893499, -149.3876720017419 60.19241822220005, -149.38759224706857 60.19237851010435, -149.38754104141623 60.1923284699445, -149.38752339715091 60.192273))","","false","19072243867","true","","US","1236","[]",""
"222-222@3bb-v24-k4v","","","Irvin Pottery","","","Other Miscellaneous Store Retailers","Art Dealers","453920","60.191648","-149.386887","14527 Rainforest Cir","Seward","AK","99664","","","","","","POLYGON","POLYGON ((-149.38653270419982 60.1916301, -149.38655034812015 60.19157463005002, -149.38660155277125 60.19152458988523, -149.38668130588513 60.191484877785605, -149.38678180067134 60.19145938104815, -149.3868932 60.19145059547117, -149.38700459932866 60.19145938104815, -149.38710509411487 60.191484877785605, -149.38718484722875 60.19152458988523, -149.38723605187985 60.19157463005002, -149.38725369580018 60.1916301, -149.38723605187985 60.191685569949975, -149.38718484722875 60.19173561011476, -149.38710509411487 60.19177532221439, -149.38700459932866 60.19180081895185, -149.3868932 60.19180960452883, -149.38678180067134 60.19180081895185, -149.38668130588513 60.19177532221439, -149.38660155277125 60.19173561011476, -149.38655034812015 60.191685569949975, -149.38653270419982 60.1916301))","OWNED_POLYGON","false","19072243534","true","","US","1236","[""irvinpottery.com""]",""
"222-222@3bb-v25-dvz","","","Ink Goes Wild Alas","","","Other Miscellaneous Store Retailers","Art Dealers","453920","60.172406","-149.385585","13160 Cherrywood Ln","Seward","AK","99664","","","","","","POLYGON","POLYGON ((-149.38521331485953 60.1724032, -149.38523094846943 60.17234772988613, -149.38528212319852 60.17229768957349, -149.38536182970782 60.17225797735653, -149.38546226576875 60.172232480543734, -149.3855736 60.1722236949408, -149.38568493423122 60.172232480543734, -149.38578537029215 60.17225797735653, -149.38586507680145 60.17229768957349, -149.38591625153055 60.17234772988613, -149.38593388514045 60.1724032, -149.38591625153055 60.17245867011387, -149.38586507680145 60.172508710426506, -149.38578537029215 60.172548422643466, -149.38568493423122 60.17257391945626, -149.3855736 60.1725827050592, -149.38546226576875 60.17257391945626, -149.38536182970782 60.172548422643466, -149.38528212319852 60.172508710426506, -149.38523094846943 60.17245867011387, -149.38521331485953 60.1724032))","OWNED_POLYGON","false","","true","","US","1236","[]",""
"222-222@3bb-v25-ffz","","","Apartments at 13766 Bruno","","","Lessors of Real Estate","Lessors of Residential Buildings and Dwellings","531110","60.178845","-149.38182","13766 Bruno Rd","Seward","AK","99664","","","","","","POLYGON","POLYGON ((-149.38199859962305 60.17910436979861, -149.38171160325845 60.179136381866066, -149.3815560351356 60.178786915107445, -149.3818644891723 60.17874289803827, -149.38199859962305 60.17910436979861))","OWNED_POLYGON","false","","false","false","US","688","[]",""
"222-222@3bb-v25-grk","","","Seward City Tours","","","Travel Arrangement and Reservation Services","","5615","60.177446","-149.389348","32981 Myrtlewood Cir","Seward","AK","99664","{ ""Mon"": [[""8:00"", ""21:00""]], ""Tue"": [[""8:00"", ""21:00""]], ""Wed"": [[""8:00"", ""21:00""]], ""Thu"": [[""8:00"", ""21:00""]], ""Fri"": [[""8:00"", ""21:00""]], ""Sat"": [[""8:00"", ""21:00""]], ""Sun"": [[""8:00"", ""21:00""]] }","Tours","","","","POLYGON","POLYGON ((-149.3889899596457 60.1774451, -149.38900759595796 60.17738962992912, -149.3890587785296 60.177339589655254, -149.38913849725392 60.17729987746907, -149.38923894870675 60.17727438067603, -149.3893503 60.1772655950799, -149.38946165129323 60.17727438067603, -149.38956210274605 60.17729987746907, -149.38964182147038 60.177339589655254, -149.38969300404202 60.17738962992912, -149.38971064035428 60.1774451, -149.38969300404202 60.17750057007088, -149.38964182147038 60.177550610344746, -149.38956210274605 60.17759032253093, -149.38946165129323 60.17761581932397, -149.3893503 60.1776246049201, -149.38923894870675 60.17761581932397, -149.38913849725392 60.17759032253093, -149.3890587785296 60.177550610344746, -149.38900759595796 60.17750057007088, -149.3889899596457 60.1774451))","OWNED_POLYGON","false","","true","","US","1236","[""sewardcitytours.com""]",""
"222-222@3bb-v26-5xq","","","Clearview Haven Assisted Living Home","","","Continuing Care Retirement Communities and Assisted Living Facilities for the Elderly","Assisted Living Facilities for the Elderly","623312","60.179259","-149.378435","33343 Winterset Cir","Seward","AK","99664","","Elder Care,Skilled Nursing","","","","POLYGON","POLYGON ((-149.37809193997185 60.1792412, -149.37810957724702 60.17918572994443, -149.37816076261313 60.17913568968437, -149.37824048568993 60.17909597750915, -149.3783409426272 60.179070480723155, -149.3784523 60.17906169512945, -149.37856365737278 60.179070480723155, -149.37866411431006 60.17909597750915, -149.37874383738685 60.17913568968437, -149.37879502275297 60.17918572994443, -149.37881266002813 60.1792412, -149.37879502275297 60.17929667005557, -149.37874383738685 60.17934671031563, -149.37866411431006 60.17938642249085, -149.37856365737278 60.179411919276845, -149.3784523 60.17942070487055, -149.3783409426272 60.179411919276845, -149.37824048568993 60.17938642249085, -149.37816076261313 60.17934671031563, -149.37810957724702 60.17929667005557, -149.37809193997185 60.1792412))","OWNED_POLYGON","false","19072245220","true","","US","1236","[]",""
"222-222@3bb-v28-jn5","","","Dr. Jack Hamilton DDS","","","Offices of Dentists","Offices of Dentists","621210","60.161936","-149.413788","12525 Seward Hwy","Seward","AK","99664","","","","","","POLYGON","POLYGON ((-149.4134087295048 60.161928499999995, -149.41342635750357 60.16187302979681, -149.4134775159485 60.161822989403596, -149.4135571970946 60.161783277122694, -149.4136576011961 60.16175778026885, -149.41376889999998 60.16174899465177, -149.41388019880387 60.16175778026885, -149.41398060290535 60.161783277122694, -149.41406028405146 60.161822989403596, -149.4141114424964 60.16187302979681, -149.41412907049516 60.161928499999995, -149.4141114424964 60.16198397020318, -149.41406028405146 60.16203401059639, -149.41398060290535 60.162073722877295, -149.41388019880387 60.16209921973114, -149.41376889999998 60.16210800534822, -149.4136576011961 60.16209921973114, -149.4135571970946 60.162073722877295, -149.4134775159485 60.16203401059639, -149.41342635750357 60.16198397020318, -149.4134087295048 60.161928499999995))","OWNED_POLYGON","false","19072242200","true","","US","1236","[]",""
"222-222@3bb-v2q-3h5","","","Apartments at 33836 Nash Rd","","","Lessors of Real Estate","Lessors of Residential Buildings and Dwellings","531110","60.132085","-149.376934","33836 Nash Rd","Seward","AK","99664","","","","","","POLYGON","POLYGON ((-149.37675291224136 60.13239211518351, -149.37615209742202 60.13200207867604, -149.3770318619789 60.13163875283853, -149.37776142283096 60.13211695292224, -149.37675291224136 60.13239211518351))","SHARED_POLYGON","false","","false","false","US","3853","[]",""
"222-222@3bb-v6f-zfz","","","Spring Creek Correctional Center","","","Justice, Public Order, and Safety Activities","Correctional Institutions","922140","60.09399","-149.336153","3600 Bette Cato Dr","Seward","AK","99664","","","","","","POLYGON","POLYGON ((-149.34057126953132 60.0953165339901, -149.33103418873566 60.09543335876164, -149.33116293476837 60.0945775181246, -149.32931757496613 60.09453472550929, -149.3305719943238 60.09146506242472, -149.3333614916993 60.09060911872616, -149.33735261871345 60.09043792731896, -149.34022794677742 60.09133667228704, -149.34164415313728 60.092620551157125, -149.34293161346443 60.092813128673896, -149.34340368225105 60.0942253294126, -149.34048543884285 60.09435370829718, -149.34057126953132 60.0953165339901))","OWNED_POLYGON","false","19072248200","false","true","US","321579","[]",""
"222-222@3bc-7cc-4sq","","SG_BRAND_27ee73cd1fb6f5e432852fea401eacce","United States Postal Service (USPS)","United States Postal Service (USPS)","1385626","Postal Service","Postal Service","491110","61.128377","-146.354637","221 Tatitlek St","Valdez","AK","99686","{ ""Mon"": [[""0:01"", ""23:59""]], ""Tue"": [[""0:01"", ""23:59""]], ""Wed"": [[""0:01"", ""23:59""]], ""Thu"": [[""0:01"", ""23:59""]], ""Fri"": [[""0:01"", ""23:59""]], ""Sat"": [[""0:01"", ""23:59""]], ""Sun"": [[""0:01"", ""23:59""]] }","","","","","POLYGON","POLYGON ((-146.35447791391027 61.12826722486334, -146.3550948219837 61.128258159122005, -146.35510689192427 61.128502933224866, -146.3546428697647 61.12850422832091, -146.3546428697647 61.12846796561201, -146.35448730164183 61.128471850904226, -146.35447791391027 61.12826722486334))","OWNED_POLYGON","false","19078354449","false","false","US","862","[""usps.com""]","https://tools.usps.com/find-location.htm?location=1385626"
"222-222@3bc-7cc-wzf","","","Domski","","","Sporting Goods, Hobby, and Musical Instrument Stores","Sporting Goods Stores","451110","61.133672","-146.351432","118 Dadina St","Valdez","AK","99686","{ ""Mon"": [[""13:00"", ""19:00""]], ""Tue"": [[""13:00"", ""19:00""]], ""Wed"": [], ""Thu"": [[""13:00"", ""19:00""]], ""Fri"": [[""13:00"", ""19:00""]], ""Sat"": [[""7:00"", ""12:00""]], ""Sun"": [[""7:00"", ""12:00""]] }","Ski Shop","","","","POLYGON","POLYGON ((-146.35108531913656 61.1336735, -146.3511034860211 61.13361803799951, -146.35115620837348 61.133568005006055, -146.35123832536252 61.13352829859763, -146.3513417988052 61.133502805514155, -146.35145649999998 61.13349402119625, -146.35157120119476 61.133502805514155, -146.35167467463745 61.13352829859763, -146.35175679162649 61.133568005006055, -146.35180951397888 61.13361803799951, -146.3518276808634 61.1336735, -146.35180951397888 61.13372896200049, -146.35175679162649 61.133778994993946, -146.35167467463745 61.13381870140237, -146.35157120119476 61.133844194485846, -146.35145649999998 61.13385297880375, -146.3513417988052 61.133844194485846, -146.35123832536252 61.13381870140237, -146.35115620837348 61.133778994993946, -146.3511034860211 61.13372896200049, -146.35108531913656 61.1336735))","OWNED_POLYGON","false","19072550610","true","","US","1236","[""domskillc.com""]","http://www.domskillc.com"
"222-222@3bc-7cc-x3q","","","Foothills Dentistry","","","Offices of Dentists","Offices of Dentists","621210","61.132712","-146.348759","509 E Bremner St","Valdez","AK","99686","{ ""Mon"": [[""9:00"", ""17:00""]], ""Tue"": [[""9:00"", ""17:00""]], ""Wed"": [[""9:00"", ""17:00""]], ""Thu"": [[""9:00"", ""17:00""]], ""Fri"": [[""9:00"", ""17:00""]], ""Sat"": [], ""Sun"": [] }","Periodontists","","","","POLYGON","POLYGON ((-146.34873242779932 61.13266524395065, -146.3487320389725 61.13265050800361, -146.3488135338923 61.132650006801114, -146.3488139275374 61.13266492535385, -146.3489052384541 61.13266456840344, -146.34890644848238 61.13273671471448, -146.3486500249768 61.132737717116704, -146.34864881494852 61.13266557080796, -146.34873242779932 61.13266524395065))","SHARED_POLYGON","false","19078852436","false","false","US","118","[""foothillsdentistryalaska.com""]",""
"222-222@3bc-jyc-wkz","","SG_BRAND_27ee73cd1fb6f5e432852fea401eacce","United States Postal Service (USPS)","United States Postal Service (USPS)","1359252","Postal Service","Postal Service","491110","60.544999","-145.760645","502 Railroad Ave","Cordova","AK","99574","{ ""Mon"": [[""0:01"", ""23:59""]], ""Tue"": [[""0:01"", ""23:59""]], ""Wed"": [[""0:01"", ""23:59""]], ""Thu"": [[""0:01"", ""23:59""]], ""Fri"": [[""0:01"", ""23:59""]], ""Sat"": [[""0:01"", ""23:59""]], ""Sun"": [[""0:01"", ""23:59""]] }","","","","","POLYGON","POLYGON ((-145.76093464666175 60.54528278127186, -145.7603687005596 60.54528410020931, -145.76036333614158 60.54484489106386, -145.76091855340766 60.544847528974415, -145.76093464666175 60.54528278127186))","OWNED_POLYGON","false","19074243564","false","false","US","1499","[""usps.com""]","https://tools.usps.com/find-location.htm?location=1359252"
